warning[license-not-encountered]: license was not encountered
   ┌─ D:\Documents\Code\Rust\Exp\devsweep\deny.toml:13:6
   │
13 │     "BSD-2-Clause",
   │      ━━━━━━━━━━━━ unmatched license allowance

warning[license-not-encountered]: license was not encountered
   ┌─ D:\Documents\Code\Rust\Exp\devsweep\deny.toml:15:6
   │
15 │     "ISC",
   │      ━━━ unmatched license allowance

warning[duplicate]: found 2 duplicate entries for crate 'base64'
   ┌─ D:\Documents\Code\Rust\Exp\devsweep/Cargo.lock:17:1
   │  
17 │ ╭ base64 0.21.7 registry+https://github.com/rust-lang/crates.io-index
18 │ │ base64 0.22.1 registry+https://github.com/rust-lang/crates.io-index
   │ ╰───────────────────────────────────────────────────────────────────┘ lock entries
   │  
   ├ base64 v0.21.7
     └── swift-rs v1.0.7
         ├── tauri v2.11.5
         │   └── devsweep-desktop v0.3.0
         └── tauri-utils v2.9.3
             ├── tauri v2.11.5 (*)
             ├── tauri-build v2.6.3
             │   ├── (build) devsweep-desktop v0.3.0 (*)
             │   └── (build) tauri v2.11.5 (*)
             ├── tauri-codegen v2.6.3
             │   └── tauri-macros v2.6.3
             │       └── tauri v2.11.5 (*)
             ├── tauri-macros v2.6.3 (*)
             ├── tauri-runtime v2.11.3
             │   ├── tauri v2.11.5 (*)
             │   └── tauri-runtime-wry v2.11.4
             │       └── tauri v2.11.5 (*)
             └── tauri-runtime-wry v2.11.4 (*)
   ├ base64 v0.22.1
     ├── hyper-util v0.1.20
     │   └── reqwest v0.13.4
     │       └── tauri v2.11.5
     │           └── devsweep-desktop v0.3.0
     ├── plist v1.10.0
     │   ├── tauri v2.11.5 (*)
     │   ├── tauri-codegen v2.6.3
     │   │   └── tauri-macros v2.6.3
     │   │       └── tauri v2.11.5 (*)
     │   └── tauri-utils v2.9.3
     │       ├── tauri v2.11.5 (*)
     │       ├── tauri-build v2.6.3
     │       │   ├── (build) devsweep-desktop v0.3.0 (*)
     │       │   └── (build) tauri v2.11.5 (*)
     │       ├── tauri-codegen v2.6.3 (*)
     │       ├── tauri-macros v2.6.3 (*)
     │       ├── tauri-runtime v2.11.3
     │       │   ├── tauri v2.11.5 (*)
     │       │   └── tauri-runtime-wry v2.11.4
     │       │       └── tauri v2.11.5 (*)
     │       └── tauri-runtime-wry v2.11.4 (*)
     ├── reqwest v0.13.4 (*)
     ├── tauri-codegen v2.6.3 (*)
     └── wry v0.55.1
         └── tauri-runtime-wry v2.11.4 (*)

warning[duplicate]: found 2 duplicate entries for crate 'bitflags'
   ┌─ D:\Documents\Code\Rust\Exp\devsweep/Cargo.lock:21:1
   │  
21 │ ╭ bitflags 1.3.2 registry+https://github.com/rust-lang/crates.io-index
22 │ │ bitflags 2.13.1 registry+https://github.com/rust-lang/crates.io-index
   │ ╰─────────────────────────────────────────────────────────────────────┘ lock entries
   │  
   ├ bitflags v1.3.2
     ├── javascriptcore-rs v1.1.2
     │   ├── webkit2gtk v2.0.2
     │   │   ├── tauri v2.11.5
     │   │   │   └── devsweep-desktop v0.3.0
     │   │   ├── tauri-runtime v2.11.3
     │   │   │   ├── tauri v2.11.5 (*)
     │   │   │   └── tauri-runtime-wry v2.11.4
     │   │   │       └── tauri v2.11.5 (*)
     │   │   ├── tauri-runtime-wry v2.11.4 (*)
     │   │   └── wry v0.55.1
     │   │       └── tauri-runtime-wry v2.11.4 (*)
     │   └── wry v0.55.1 (*)
     ├── png v0.17.16
     │   ├── ico v0.5.0
     │   │   └── tauri-codegen v2.6.3
     │   │       └── tauri-macros v2.6.3
     │   │           └── tauri v2.11.5 (*)
     │   └── tauri-codegen v2.6.3 (*)
     ├── webkit2gtk v2.0.2 (*)
     └── webkit2gtk-sys v2.0.2
         ├── webkit2gtk v2.0.2 (*)
         └── wry v0.55.1 (*)
   ├ bitflags v2.13.1
     ├── cairo-rs v0.18.5
     │   ├── gdk v0.18.2
     │   │   ├── gdkx11 v0.18.2
     │   │   │   └── wry v0.55.1
     │   │   │       └── tauri-runtime-wry v2.11.4
     │   │   │           └── tauri v2.11.5
     │   │   │               └── devsweep-desktop v0.3.0
     │   │   ├── gtk v0.18.2
     │   │   │   ├── muda v0.19.3
     │   │   │   │   └── tauri v2.11.5 (*)
     │   │   │   ├── tao v0.35.3
     │   │   │   │   └── tauri-runtime-wry v2.11.4 (*)
     │   │   │   ├── tauri v2.11.5 (*)
     │   │   │   ├── tauri-runtime v2.11.3
     │   │   │   │   ├── tauri v2.11.5 (*)
     │   │   │   │   └── tauri-runtime-wry v2.11.4 (*)
     │   │   │   ├── tauri-runtime-wry v2.11.4 (*)
     │   │   │   ├── webkit2gtk v2.0.2
     │   │   │   │   ├── tauri v2.11.5 (*)
     │   │   │   │   ├── tauri-runtime v2.11.3 (*)
     │   │   │   │   ├── tauri-runtime-wry v2.11.4 (*)
     │   │   │   │   └── wry v0.55.1 (*)
     │   │   │   └── wry v0.55.1 (*)
     │   │   └── webkit2gtk v2.0.2 (*)
     │   ├── gtk v0.18.2 (*)
     │   └── webkit2gtk v2.0.2 (*)
     ├── core-graphics v0.25.0
     │   └── tao v0.35.3 (*)
     ├── core-graphics-types v0.2.0
     │   └── core-graphics v0.25.0 (*)
     ├── crossterm v0.29.0
     │   ├── devsweep-cli v0.3.0
     │   └── ratatui-crossterm v0.1.2
     │       └── ratatui v0.30.2
     │           └── devsweep-cli v0.3.0 (*)
     ├── dispatch2 v0.3.1
     │   └── tao v0.35.3 (*)
     ├── glib v0.18.5
     │   ├── atk v0.18.2
     │   │   └── gtk v0.18.2 (*)
     │   ├── cairo-rs v0.18.5 (*)
     │   ├── gdk v0.18.2 (*)
     │   ├── gdk-pixbuf v0.18.5
     │   │   ├── gdk v0.18.2 (*)
     │   │   └── gtk v0.18.2 (*)
     │   ├── gdkx11 v0.18.2 (*)
     │   ├── gio v0.18.4
     │   │   ├── gdk v0.18.2 (*)
     │   │   ├── gdk-pixbuf v0.18.5 (*)
     │   │   ├── gdkx11 v0.18.2 (*)
     │   │   ├── gtk v0.18.2 (*)
     │   │   ├── pango v0.18.3
     │   │   │   ├── gdk v0.18.2 (*)
     │   │   │   └── gtk v0.18.2 (*)
     │   │   ├── soup3 v0.5.0
     │   │   │   ├── webkit2gtk v2.0.2 (*)
     │   │   │   └── wry v0.55.1 (*)
     │   │   └── webkit2gtk v2.0.2 (*)
     │   ├── gtk v0.18.2 (*)
     │   ├── javascriptcore-rs v1.1.2
     │   │   ├── webkit2gtk v2.0.2 (*)
     │   │   └── wry v0.55.1 (*)
     │   ├── pango v0.18.3 (*)
     │   ├── soup3 v0.5.0 (*)
     │   └── webkit2gtk v2.0.2 (*)
     ├── keyboard-types v0.7.0
     │   └── muda v0.19.3 (*)
     ├── line-clipping v0.3.7
     │   └── ratatui-widgets v0.3.2
     │       ├── ratatui v0.30.2 (*)
     │       └── ratatui-macros v0.7.2
     │           └── ratatui v0.30.2 (*)
     ├── ndk v0.9.0
     │   ├── softbuffer v0.4.8
     │   │   └── tauri-runtime-wry v2.11.4 (*)
     │   ├── tao v0.35.3 (*)
     │   └── wry v0.55.1 (*)
     ├── objc2-app-kit v0.3.2
     │   ├── muda v0.19.3 (*)
     │   ├── objc2-web-kit v0.3.2
     │   │   ├── tauri v2.11.5 (*)
     │   │   ├── tauri-runtime v2.11.3 (*)
     │   │   └── wry v0.55.1 (*)
     │   ├── tao v0.35.3 (*)
     │   ├── tauri v2.11.5 (*)
     │   ├── tauri-runtime-wry v2.11.4 (*)
     │   ├── window-vibrancy v0.6.0
     │   │   └── tauri v2.11.5 (*)
     │   └── wry v0.55.1 (*)
     ├── objc2-cloud-kit v0.3.2
     │   └── objc2-ui-kit v0.3.2
     │       ├── tao v0.35.3 (*)
     │       ├── tauri v2.11.5 (*)
     │       ├── tauri-runtime v2.11.3 (*)
     │       └── wry v0.55.1 (*)
     ├── objc2-core-foundation v0.3.2
     │   ├── muda v0.19.3 (*)
     │   ├── objc2-app-kit v0.3.2 (*)
     │   ├── objc2-core-graphics v0.3.2
     │   │   ├── objc2-ui-kit v0.3.2 (*)
     │   │   └── softbuffer v0.4.8 (*)
     │   ├── objc2-core-text v0.3.2
     │   │   └── objc2-ui-kit v0.3.2 (*)
     │   ├── objc2-foundation v0.3.2
     │   │   ├── muda v0.19.3 (*)
     │   │   ├── objc2-app-kit v0.3.2 (*)
     │   │   ├── objc2-cloud-kit v0.3.2 (*)
     │   │   ├── objc2-core-data v0.3.2
     │   │   │   └── objc2-ui-kit v0.3.2 (*)
     │   │   ├── objc2-core-image v0.3.2
     │   │   │   └── objc2-ui-kit v0.3.2 (*)
     │   │   ├── objc2-core-location v0.3.2
     │   │   │   └── objc2-ui-kit v0.3.2 (*)
     │   │   ├── objc2-quartz-core v0.3.2
     │   │   │   ├── objc2-ui-kit v0.3.2 (*)
     │   │   │   └── softbuffer v0.4.8 (*)
     │   │   ├── objc2-ui-kit v0.3.2 (*)
     │   │   ├── objc2-user-notifications v0.3.2
     │   │   │   └── objc2-ui-kit v0.3.2 (*)
     │   │   ├── objc2-web-kit v0.3.2 (*)
     │   │   ├── softbuffer v0.4.8 (*)
     │   │   ├── tao v0.35.3 (*)
     │   │   ├── tauri v2.11.5 (*)
     │   │   ├── trash v5.2.6
     │   │   │   └── devsweep-core v0.3.0
     │   │   │       ├── devsweep-cli v0.3.0 (*)
     │   │   │       └── devsweep-desktop v0.3.0 (*)
     │   │   ├── window-vibrancy v0.6.0 (*)
     │   │   └── wry v0.55.1 (*)
     │   ├── objc2-quartz-core v0.3.2 (*)
     │   ├── objc2-ui-kit v0.3.2 (*)
     │   ├── objc2-web-kit v0.3.2 (*)
     │   ├── softbuffer v0.4.8 (*)
     │   ├── window-vibrancy v0.6.0 (*)
     │   └── wry v0.55.1 (*)
     ├── objc2-core-graphics v0.3.2 (*)
     ├── objc2-core-text v0.3.2 (*)
     ├── objc2-foundation v0.3.2 (*)
     ├── objc2-quartz-core v0.3.2 (*)
     ├── objc2-ui-kit v0.3.2 (*)
     ├── objc2-web-kit v0.3.2 (*)
     ├── png v0.18.1
     │   └── muda v0.19.3 (*)
     ├── ratatui-core v0.1.2
     │   ├── ratatui v0.30.2 (*)
     │   ├── ratatui-crossterm v0.1.2 (*)
     │   ├── ratatui-macros v0.7.2 (*)
     │   └── ratatui-widgets v0.3.2 (*)
     ├── ratatui-widgets v0.3.2 (*)
     ├── redox_syscall v0.5.18
     │   ├── parking_lot_core v0.9.12
     │   │   └── parking_lot v0.12.5
     │   │       ├── crossterm v0.29.0 (*)
     │   │       ├── string_cache v0.9.0
     │   │       │   └── web_atoms v0.2.5
     │   │       │       └── markup5ever v0.38.0
     │   │       │           └── html5ever v0.38.0
     │   │       │               └── dom_query v0.27.0
     │   │       │                   ├── tauri-utils v2.9.3
     │   │       │                   │   ├── tauri v2.11.5 (*)
     │   │       │                   │   ├── tauri-build v2.6.3
     │   │       │                   │   │   ├── (build) devsweep-desktop v0.3.0 (*)
     │   │       │                   │   │   └── (build) tauri v2.11.5 (*)
     │   │       │                   │   ├── tauri-codegen v2.6.3
     │   │       │                   │   │   └── tauri-macros v2.6.3
     │   │       │                   │   │       └── tauri v2.11.5 (*)
     │   │       │                   │   ├── tauri-macros v2.6.3 (*)
     │   │       │                   │   ├── tauri-runtime v2.11.3 (*)
     │   │       │                   │   └── tauri-runtime-wry v2.11.4 (*)
     │   │       │                   └── wry v0.55.1 (*)
     │   │       └── tao v0.35.3 (*)
     │   └── softbuffer v0.4.8 (*)
     ├── rustix v1.1.4
     │   ├── crossterm v0.29.0 (*)
     │   └── tempfile v3.27.0
     │       ├── (dev) devsweep-cli v0.3.0 (*)
     │       ├── (dev) devsweep-core v0.3.0 (*)
     │       └── (dev) devsweep-desktop v0.3.0 (*)
     ├── selectors v0.36.1
     │   └── dom_query v0.27.0 (*)
     ├── tao v0.35.3 (*)
     └── tower-http v0.6.11
         └── reqwest v0.13.4
             └── tauri v2.11.5 (*)

warning[duplicate]: found 2 duplicate entries for crate 'darling'
   ┌─ D:\Documents\Code\Rust\Exp\devsweep/Cargo.lock:71:1
   │  
71 │ ╭ darling 0.20.11 registry+https://github.com/rust-lang/crates.io-index
72 │ │ darling 0.23.0 registry+https://github.com/rust-lang/crates.io-index
   │ ╰────────────────────────────────────────────────────────────────────┘ lock entries
   │  
   ├ darling v0.20.11
     └── instability v0.3.10
         ├── ratatui v0.30.2
         │   └── devsweep-cli v0.3.0
         ├── ratatui-crossterm v0.1.2
         │   └── ratatui v0.30.2 (*)
         └── ratatui-widgets v0.3.2
             ├── ratatui v0.30.2 (*)
             └── ratatui-macros v0.7.2
                 └── ratatui v0.30.2 (*)
   ├ darling v0.23.0
     └── serde_with_macros v3.21.0
         └── serde_with v3.21.0
             └── tauri-utils v2.9.3
                 ├── tauri v2.11.5
                 │   └── devsweep-desktop v0.3.0
                 ├── tauri-build v2.6.3
                 │   ├── (build) devsweep-desktop v0.3.0 (*)
                 │   └── (build) tauri v2.11.5 (*)
                 ├── tauri-codegen v2.6.3
                 │   └── tauri-macros v2.6.3
                 │       └── tauri v2.11.5 (*)
                 ├── tauri-macros v2.6.3 (*)
                 ├── tauri-runtime v2.11.3
                 │   ├── tauri v2.11.5 (*)
                 │   └── tauri-runtime-wry v2.11.4
                 │       └── tauri v2.11.5 (*)
                 └── tauri-runtime-wry v2.11.4 (*)

warning[duplicate]: found 2 duplicate entries for crate 'darling_core'
   ┌─ D:\Documents\Code\Rust\Exp\devsweep/Cargo.lock:73:1
   │  
73 │ ╭ darling_core 0.20.11 registry+https://github.com/rust-lang/crates.io-index
74 │ │ darling_core 0.23.0 registry+https://github.com/rust-lang/crates.io-index
   │ ╰─────────────────────────────────────────────────────────────────────────┘ lock entries
   │  
   ├ darling_core v0.20.11
     ├── darling v0.20.11
     │   └── instability v0.3.10
     │       ├── ratatui v0.30.2
     │       │   └── devsweep-cli v0.3.0
     │       ├── ratatui-crossterm v0.1.2
     │       │   └── ratatui v0.30.2 (*)
     │       └── ratatui-widgets v0.3.2
     │           ├── ratatui v0.30.2 (*)
     │           └── ratatui-macros v0.7.2
     │               └── ratatui v0.30.2 (*)
     └── darling_macro v0.20.11
         └── darling v0.20.11 (*)
   ├ darling_core v0.23.0
     ├── darling v0.23.0
     │   └── serde_with_macros v3.21.0
     │       └── serde_with v3.21.0
     │           └── tauri-utils v2.9.3
     │               ├── tauri v2.11.5
     │               │   └── devsweep-desktop v0.3.0
     │               ├── tauri-build v2.6.3
     │               │   ├── (build) devsweep-desktop v0.3.0 (*)
     │               │   └── (build) tauri v2.11.5 (*)
     │               ├── tauri-codegen v2.6.3
     │               │   └── tauri-macros v2.6.3
     │               │       └── tauri v2.11.5 (*)
     │               ├── tauri-macros v2.6.3 (*)
     │               ├── tauri-runtime v2.11.3
     │               │   ├── tauri v2.11.5 (*)
     │               │   └── tauri-runtime-wry v2.11.4
     │               │       └── tauri v2.11.5 (*)
     │               └── tauri-runtime-wry v2.11.4 (*)
     └── darling_macro v0.23.0
         └── darling v0.23.0 (*)

warning[duplicate]: found 2 duplicate entries for crate 'darling_macro'
   ┌─ D:\Documents\Code\Rust\Exp\devsweep/Cargo.lock:75:1
   │  
75 │ ╭ darling_macro 0.20.11 registry+https://github.com/rust-lang/crates.io-index
76 │ │ darling_macro 0.23.0 registry+https://github.com/rust-lang/crates.io-index
   │ ╰──────────────────────────────────────────────────────────────────────────┘ lock entries
   │  
   ├ darling_macro v0.20.11
     └── darling v0.20.11
         └── instability v0.3.10
             ├── ratatui v0.30.2
             │   └── devsweep-cli v0.3.0
             ├── ratatui-crossterm v0.1.2
             │   └── ratatui v0.30.2 (*)
             └── ratatui-widgets v0.3.2
                 ├── ratatui v0.30.2 (*)
                 └── ratatui-macros v0.7.2
                     └── ratatui v0.30.2 (*)
   ├ darling_macro v0.23.0
     └── darling v0.23.0
         └── serde_with_macros v3.21.0
             └── serde_with v3.21.0
                 └── tauri-utils v2.9.3
                     ├── tauri v2.11.5
                     │   └── devsweep-desktop v0.3.0
                     ├── tauri-build v2.6.3
                     │   ├── (build) devsweep-desktop v0.3.0 (*)
                     │   └── (build) tauri v2.11.5 (*)
                     ├── tauri-codegen v2.6.3
                     │   └── tauri-macros v2.6.3
                     │       └── tauri v2.11.5 (*)
                     ├── tauri-macros v2.6.3 (*)
                     ├── tauri-runtime v2.11.3
                     │   ├── tauri v2.11.5 (*)
                     │   └── tauri-runtime-wry v2.11.4
                     │       └── tauri v2.11.5 (*)
                     └── tauri-runtime-wry v2.11.4 (*)

warning[duplicate]: found 3 duplicate entries for crate 'getrandom'
    ┌─ D:\Documents\Code\Rust\Exp\devsweep/Cargo.lock:131:1
    │  
131 │ ╭ getrandom 0.2.17 registry+https://github.com/rust-lang/crates.io-index
132 │ │ getrandom 0.3.4 registry+https://github.com/rust-lang/crates.io-index
133 │ │ getrandom 0.4.3 registry+https://github.com/rust-lang/crates.io-index
    │ ╰─────────────────────────────────────────────────────────────────────┘ lock entries
    │  
    ├ getrandom v0.2.17
      └── redox_users v0.5.2
          └── dirs-sys v0.5.0
              └── dirs v6.0.0
                  ├── tauri v2.11.5
                  │   └── devsweep-desktop v0.3.0
                  ├── tauri-build v2.6.3
                  │   ├── (build) devsweep-desktop v0.3.0 (*)
                  │   └── (build) tauri v2.11.5 (*)
                  └── wry v0.55.1
                      └── tauri-runtime-wry v2.11.4
                          └── tauri v2.11.5 (*)
    ├ getrandom v0.3.4
      └── tauri v2.11.5
          └── devsweep-desktop v0.3.0
    ├ getrandom v0.4.3
      ├── tempfile v3.27.0
      │   ├── (dev) devsweep-cli v0.3.0
      │   ├── (dev) devsweep-core v0.3.0
      │   │   ├── devsweep-cli v0.3.0 (*)
      │   │   └── devsweep-desktop v0.3.0
      │   └── (dev) devsweep-desktop v0.3.0 (*)
      └── uuid v1.24.0
          ├── cfb v0.7.3
          │   └── infer v0.19.0
          │       └── tauri-utils v2.9.3
          │           ├── tauri v2.11.5
          │           │   └── devsweep-desktop v0.3.0 (*)
          │           ├── tauri-build v2.6.3
          │           │   ├── (build) devsweep-desktop v0.3.0 (*)
          │           │   └── (build) tauri v2.11.5 (*)
          │           ├── tauri-codegen v2.6.3
          │           │   └── tauri-macros v2.6.3
          │           │       └── tauri v2.11.5 (*)
          │           ├── tauri-macros v2.6.3 (*)
          │           ├── tauri-runtime v2.11.3
          │           │   ├── tauri v2.11.5 (*)
          │           │   └── tauri-runtime-wry v2.11.4
          │           │       └── tauri v2.11.5 (*)
          │           └── tauri-runtime-wry v2.11.4 (*)
          ├── schemars v0.8.22
          │   ├── tauri-build v2.6.3 (*)
          │   └── tauri-utils v2.9.3 (*)
          ├── tauri-codegen v2.6.3 (*)
          └── tauri-utils v2.9.3 (*)

warning[duplicate]: found 3 duplicate entries for crate 'hashbrown'
    ┌─ D:\Documents\Code\Rust\Exp\devsweep/Cargo.lock:144:1
    │  
144 │ ╭ hashbrown 0.12.3 registry+https://github.com/rust-lang/crates.io-index
145 │ │ hashbrown 0.16.1 registry+https://github.com/rust-lang/crates.io-index
146 │ │ hashbrown 0.17.1 registry+https://github.com/rust-lang/crates.io-index
    │ ╰──────────────────────────────────────────────────────────────────────┘ lock entries
    │  
    ├ hashbrown v0.12.3
      └── indexmap v1.9.3
          └── schemars v0.8.22
              ├── tauri-build v2.6.3
              │   ├── (build) devsweep-desktop v0.3.0
              │   └── (build) tauri v2.11.5
              │       └── devsweep-desktop v0.3.0 (*)
              └── tauri-utils v2.9.3
                  ├── tauri v2.11.5 (*)
                  ├── tauri-build v2.6.3 (*)
                  ├── tauri-codegen v2.6.3
                  │   └── tauri-macros v2.6.3
                  │       └── tauri v2.11.5 (*)
                  ├── tauri-macros v2.6.3 (*)
                  ├── tauri-runtime v2.11.3
                  │   ├── tauri v2.11.5 (*)
                  │   └── tauri-runtime-wry v2.11.4
                  │       └── tauri v2.11.5 (*)
                  └── tauri-runtime-wry v2.11.4 (*)
    ├ hashbrown v0.16.1
      └── kasuari v0.4.12
          └── ratatui-core v0.1.2
              ├── ratatui v0.30.2
              │   └── devsweep-cli v0.3.0
              ├── ratatui-crossterm v0.1.2
              │   └── ratatui v0.30.2 (*)
              ├── ratatui-macros v0.7.2
              │   └── ratatui v0.30.2 (*)
              └── ratatui-widgets v0.3.2
                  ├── ratatui v0.30.2 (*)
                  └── ratatui-macros v0.7.2 (*)
    ├ hashbrown v0.17.1
      ├── indexmap v2.14.0
      │   ├── plist v1.10.0
      │   │   ├── tauri v2.11.5
      │   │   │   └── devsweep-desktop v0.3.0
      │   │   ├── tauri-codegen v2.6.3
      │   │   │   └── tauri-macros v2.6.3
      │   │   │       └── tauri v2.11.5 (*)
      │   │   └── tauri-utils v2.9.3
      │   │       ├── tauri v2.11.5 (*)
      │   │       ├── tauri-build v2.6.3
      │   │       │   ├── (build) devsweep-desktop v0.3.0 (*)
      │   │       │   └── (build) tauri v2.11.5 (*)
      │   │       ├── tauri-codegen v2.6.3 (*)
      │   │       ├── tauri-macros v2.6.3 (*)
      │   │       ├── tauri-runtime v2.11.3
      │   │       │   ├── tauri v2.11.5 (*)
      │   │       │   └── tauri-runtime-wry v2.11.4
      │   │       │       └── tauri v2.11.5 (*)
      │   │       └── tauri-runtime-wry v2.11.4 (*)
      │   ├── toml_edit v0.19.15
      │   │   └── proc-macro-crate v1.3.1
      │   │       └── gtk3-macros v0.18.2
      │   │           └── gtk v0.18.2
      │   │               ├── muda v0.19.3
      │   │               │   └── tauri v2.11.5 (*)
      │   │               ├── tao v0.35.3
      │   │               │   └── tauri-runtime-wry v2.11.4 (*)
      │   │               ├── tauri v2.11.5 (*)
      │   │               ├── tauri-runtime v2.11.3 (*)
      │   │               ├── tauri-runtime-wry v2.11.4 (*)
      │   │               ├── webkit2gtk v2.0.2
      │   │               │   ├── tauri v2.11.5 (*)
      │   │               │   ├── tauri-runtime v2.11.3 (*)
      │   │               │   ├── tauri-runtime-wry v2.11.4 (*)
      │   │               │   └── wry v0.55.1
      │   │               │       └── tauri-runtime-wry v2.11.4 (*)
      │   │               └── wry v0.55.1 (*)
      │   ├── toml_edit v0.20.2
      │   │   ├── proc-macro-crate v2.0.2
      │   │   │   └── glib-macros v0.18.5
      │   │   │       └── glib v0.18.5
      │   │   │           ├── atk v0.18.2
      │   │   │           │   └── gtk v0.18.2 (*)
      │   │   │           ├── cairo-rs v0.18.5
      │   │   │           │   ├── gdk v0.18.2
      │   │   │           │   │   ├── gdkx11 v0.18.2
      │   │   │           │   │   │   └── wry v0.55.1 (*)
      │   │   │           │   │   ├── gtk v0.18.2 (*)
      │   │   │           │   │   └── webkit2gtk v2.0.2 (*)
      │   │   │           │   ├── gtk v0.18.2 (*)
      │   │   │           │   └── webkit2gtk v2.0.2 (*)
      │   │   │           ├── gdk v0.18.2 (*)
      │   │   │           ├── gdk-pixbuf v0.18.5
      │   │   │           │   ├── gdk v0.18.2 (*)
      │   │   │           │   └── gtk v0.18.2 (*)
      │   │   │           ├── gdkx11 v0.18.2 (*)
      │   │   │           ├── gio v0.18.4
      │   │   │           │   ├── gdk v0.18.2 (*)
      │   │   │           │   ├── gdk-pixbuf v0.18.5 (*)
      │   │   │           │   ├── gdkx11 v0.18.2 (*)
      │   │   │           │   ├── gtk v0.18.2 (*)
      │   │   │           │   ├── pango v0.18.3
      │   │   │           │   │   ├── gdk v0.18.2 (*)
      │   │   │           │   │   └── gtk v0.18.2 (*)
      │   │   │           │   ├── soup3 v0.5.0
      │   │   │           │   │   ├── webkit2gtk v2.0.2 (*)
      │   │   │           │   │   └── wry v0.55.1 (*)
      │   │   │           │   └── webkit2gtk v2.0.2 (*)
      │   │   │           ├── gtk v0.18.2 (*)
      │   │   │           ├── javascriptcore-rs v1.1.2
      │   │   │           │   ├── webkit2gtk v2.0.2 (*)
      │   │   │           │   └── wry v0.55.1 (*)
      │   │   │           ├── pango v0.18.3 (*)
      │   │   │           ├── soup3 v0.5.0 (*)
      │   │   │           └── webkit2gtk v2.0.2 (*)
      │   │   └── toml v0.8.2
      │   │       └── system-deps v6.2.2
      │   │           ├── (build) atk-sys v0.18.2
      │   │           │   ├── atk v0.18.2 (*)
      │   │           │   └── gtk-sys v0.18.2
      │   │           │       ├── gtk v0.18.2 (*)
      │   │           │       ├── webkit2gtk v2.0.2 (*)
      │   │           │       └── webkit2gtk-sys v2.0.2
      │   │           │           ├── webkit2gtk v2.0.2 (*)
      │   │           │           └── wry v0.55.1 (*)
      │   │           ├── (build) cairo-sys-rs v0.18.2
      │   │           │   ├── cairo-rs v0.18.5 (*)
      │   │           │   ├── gdk-sys v0.18.2
      │   │           │   │   ├── gdk v0.18.2 (*)
      │   │           │   │   ├── gdkwayland-sys v0.18.2
      │   │           │   │   │   └── tao v0.35.3 (*)
      │   │           │   │   ├── gdkx11-sys v0.18.2
      │   │           │   │   │   ├── gdkx11 v0.18.2 (*)
      │   │           │   │   │   └── tao v0.35.3 (*)
      │   │           │   │   ├── gtk-sys v0.18.2 (*)
      │   │           │   │   ├── webkit2gtk v2.0.2 (*)
      │   │           │   │   └── webkit2gtk-sys v2.0.2 (*)
      │   │           │   ├── gtk-sys v0.18.2 (*)
      │   │           │   └── webkit2gtk-sys v2.0.2 (*)
      │   │           ├── (build) gdk-pixbuf-sys v0.18.0
      │   │           │   ├── gdk-pixbuf v0.18.5 (*)
      │   │           │   ├── gdk-sys v0.18.2 (*)
      │   │           │   └── gtk-sys v0.18.2 (*)
      │   │           ├── (build) gdk-sys v0.18.2 (*)
      │   │           ├── (build) gdkwayland-sys v0.18.2 (*)
      │   │           ├── (build) gdkx11-sys v0.18.2 (*)
      │   │           ├── (build) gio-sys v0.18.1
      │   │           │   ├── gdk-pixbuf-sys v0.18.0 (*)
      │   │           │   ├── gdk-sys v0.18.2 (*)
      │   │           │   ├── gio v0.18.4 (*)
      │   │           │   ├── glib v0.18.5 (*)
      │   │           │   ├── gtk-sys v0.18.2 (*)
      │   │           │   ├── soup3-sys v0.5.0
      │   │           │   │   ├── soup3 v0.5.0 (*)
      │   │           │   │   └── webkit2gtk-sys v2.0.2 (*)
      │   │           │   ├── webkit2gtk v2.0.2 (*)
      │   │           │   └── webkit2gtk-sys v2.0.2 (*)
      │   │           ├── (build) glib-sys v0.18.1
      │   │           │   ├── atk-sys v0.18.2 (*)
      │   │           │   ├── cairo-sys-rs v0.18.2 (*)
      │   │           │   ├── gdk-pixbuf-sys v0.18.0 (*)
      │   │           │   ├── gdk-sys v0.18.2 (*)
      │   │           │   ├── gdkwayland-sys v0.18.2 (*)
      │   │           │   ├── gdkx11-sys v0.18.2 (*)
      │   │           │   ├── gio-sys v0.18.1 (*)
      │   │           │   ├── glib v0.18.5 (*)
      │   │           │   ├── gobject-sys v0.18.0
      │   │           │   │   ├── atk-sys v0.18.2 (*)
      │   │           │   │   ├── gdk-pixbuf-sys v0.18.0 (*)
      │   │           │   │   ├── gdk-sys v0.18.2 (*)
      │   │           │   │   ├── gdkwayland-sys v0.18.2 (*)
      │   │           │   │   ├── gio-sys v0.18.1 (*)
      │   │           │   │   ├── glib v0.18.5 (*)
      │   │           │   │   ├── gtk-sys v0.18.2 (*)
      │   │           │   │   ├── javascriptcore-rs-sys v1.1.1
      │   │           │   │   │   ├── javascriptcore-rs v1.1.2 (*)
      │   │           │   │   │   └── webkit2gtk-sys v2.0.2 (*)
      │   │           │   │   ├── pango-sys v0.18.0
      │   │           │   │   │   ├── gdk-sys v0.18.2 (*)
      │   │           │   │   │   ├── gtk-sys v0.18.2 (*)
      │   │           │   │   │   └── pango v0.18.3 (*)
      │   │           │   │   ├── soup3-sys v0.5.0 (*)
      │   │           │   │   ├── webkit2gtk v2.0.2 (*)
      │   │           │   │   └── webkit2gtk-sys v2.0.2 (*)
      │   │           │   ├── gtk-sys v0.18.2 (*)
      │   │           │   ├── javascriptcore-rs-sys v1.1.1 (*)
      │   │           │   ├── pango-sys v0.18.0 (*)
      │   │           │   ├── soup3-sys v0.5.0 (*)
      │   │           │   ├── webkit2gtk v2.0.2 (*)
      │   │           │   └── webkit2gtk-sys v2.0.2 (*)
      │   │           ├── (build) gobject-sys v0.18.0 (*)
      │   │           ├── (build) gtk-sys v0.18.2 (*)
      │   │           ├── (build) javascriptcore-rs-sys v1.1.1 (*)
      │   │           ├── (build) pango-sys v0.18.0 (*)
      │   │           ├── (build) soup3-sys v0.5.0 (*)
      │   │           └── (build) webkit2gtk-sys v2.0.2 (*)
      │   └── toml_edit v0.25.13+spec-1.1.0
      │       └── proc-macro-crate v3.5.0
      │           └── num_enum_derive v0.7.6
      │               └── num_enum v0.7.6
      │                   └── ndk v0.9.0
      │                       ├── softbuffer v0.4.8
      │                       │   └── tauri-runtime-wry v2.11.4 (*)
      │                       ├── tao v0.35.3 (*)
      │                       └── wry v0.55.1 (*)
      ├── lru v0.18.1
      │   └── ratatui-core v0.1.2
      │       ├── ratatui v0.30.2
      │       │   └── devsweep-cli v0.3.0
      │       ├── ratatui-crossterm v0.1.2
      │       │   └── ratatui v0.30.2 (*)
      │       ├── ratatui-macros v0.7.2
      │       │   └── ratatui v0.30.2 (*)
      │       └── ratatui-widgets v0.3.2
      │           ├── ratatui v0.30.2 (*)
      │           └── ratatui-macros v0.7.2 (*)
      ├── ratatui-core v0.1.2 (*)
      └── ratatui-widgets v0.3.2 (*)

warning[duplicate]: found 2 duplicate entries for crate 'heck'
    ┌─ D:\Documents\Code\Rust\Exp\devsweep/Cargo.lock:147:1
    │  
147 │ ╭ heck 0.4.1 registry+https://github.com/rust-lang/crates.io-index
148 │ │ heck 0.5.0 registry+https://github.com/rust-lang/crates.io-index
    │ ╰────────────────────────────────────────────────────────────────┘ lock entries
    │  
    ├ heck v0.4.1
      └── glib-macros v0.18.5
          └── glib v0.18.5
              ├── atk v0.18.2
              │   └── gtk v0.18.2
              │       ├── muda v0.19.3
              │       │   └── tauri v2.11.5
              │       │       └── devsweep-desktop v0.3.0
              │       ├── tao v0.35.3
              │       │   └── tauri-runtime-wry v2.11.4
              │       │       └── tauri v2.11.5 (*)
              │       ├── tauri v2.11.5 (*)
              │       ├── tauri-runtime v2.11.3
              │       │   ├── tauri v2.11.5 (*)
              │       │   └── tauri-runtime-wry v2.11.4 (*)
              │       ├── tauri-runtime-wry v2.11.4 (*)
              │       ├── webkit2gtk v2.0.2
              │       │   ├── tauri v2.11.5 (*)
              │       │   ├── tauri-runtime v2.11.3 (*)
              │       │   ├── tauri-runtime-wry v2.11.4 (*)
              │       │   └── wry v0.55.1
              │       │       └── tauri-runtime-wry v2.11.4 (*)
              │       └── wry v0.55.1 (*)
              ├── cairo-rs v0.18.5
              │   ├── gdk v0.18.2
              │   │   ├── gdkx11 v0.18.2
              │   │   │   └── wry v0.55.1 (*)
              │   │   ├── gtk v0.18.2 (*)
              │   │   └── webkit2gtk v2.0.2 (*)
              │   ├── gtk v0.18.2 (*)
              │   └── webkit2gtk v2.0.2 (*)
              ├── gdk v0.18.2 (*)
              ├── gdk-pixbuf v0.18.5
              │   ├── gdk v0.18.2 (*)
              │   └── gtk v0.18.2 (*)
              ├── gdkx11 v0.18.2 (*)
              ├── gio v0.18.4
              │   ├── gdk v0.18.2 (*)
              │   ├── gdk-pixbuf v0.18.5 (*)
              │   ├── gdkx11 v0.18.2 (*)
              │   ├── gtk v0.18.2 (*)
              │   ├── pango v0.18.3
              │   │   ├── gdk v0.18.2 (*)
              │   │   └── gtk v0.18.2 (*)
              │   ├── soup3 v0.5.0
              │   │   ├── webkit2gtk v2.0.2 (*)
              │   │   └── wry v0.55.1 (*)
              │   └── webkit2gtk v2.0.2 (*)
              ├── gtk v0.18.2 (*)
              ├── javascriptcore-rs v1.1.2
              │   ├── webkit2gtk v2.0.2 (*)
              │   └── wry v0.55.1 (*)
              ├── pango v0.18.3 (*)
              ├── soup3 v0.5.0 (*)
              └── webkit2gtk v2.0.2 (*)
    ├ heck v0.5.0
      ├── clap_derive v4.6.4
      │   └── clap v4.6.4
      │       └── devsweep-cli v0.3.0
      ├── strum_macros v0.28.0
      │   └── strum v0.28.0
      │       ├── ratatui-core v0.1.2
      │       │   ├── ratatui v0.30.2
      │       │   │   └── devsweep-cli v0.3.0 (*)
      │       │   ├── ratatui-crossterm v0.1.2
      │       │   │   └── ratatui v0.30.2 (*)
      │       │   ├── ratatui-macros v0.7.2
      │       │   │   └── ratatui v0.30.2 (*)
      │       │   └── ratatui-widgets v0.3.2
      │       │       ├── ratatui v0.30.2 (*)
      │       │       └── ratatui-macros v0.7.2 (*)
      │       └── ratatui-widgets v0.3.2 (*)
      ├── system-deps v6.2.2
      │   ├── (build) atk-sys v0.18.2
      │   │   ├── atk v0.18.2
      │   │   │   └── gtk v0.18.2
      │   │   │       ├── muda v0.19.3
      │   │   │       │   └── tauri v2.11.5
      │   │   │       │       └── devsweep-desktop v0.3.0
      │   │   │       ├── tao v0.35.3
      │   │   │       │   └── tauri-runtime-wry v2.11.4
      │   │   │       │       └── tauri v2.11.5 (*)
      │   │   │       ├── tauri v2.11.5 (*)
      │   │   │       ├── tauri-runtime v2.11.3
      │   │   │       │   ├── tauri v2.11.5 (*)
      │   │   │       │   └── tauri-runtime-wry v2.11.4 (*)
      │   │   │       ├── tauri-runtime-wry v2.11.4 (*)
      │   │   │       ├── webkit2gtk v2.0.2
      │   │   │       │   ├── tauri v2.11.5 (*)
      │   │   │       │   ├── tauri-runtime v2.11.3 (*)
      │   │   │       │   ├── tauri-runtime-wry v2.11.4 (*)
      │   │   │       │   └── wry v0.55.1
      │   │   │       │       └── tauri-runtime-wry v2.11.4 (*)
      │   │   │       └── wry v0.55.1 (*)
      │   │   └── gtk-sys v0.18.2
      │   │       ├── gtk v0.18.2 (*)
      │   │       ├── webkit2gtk v2.0.2 (*)
      │   │       └── webkit2gtk-sys v2.0.2
      │   │           ├── webkit2gtk v2.0.2 (*)
      │   │           └── wry v0.55.1 (*)
      │   ├── (build) cairo-sys-rs v0.18.2
      │   │   ├── cairo-rs v0.18.5
      │   │   │   ├── gdk v0.18.2
      │   │   │   │   ├── gdkx11 v0.18.2
      │   │   │   │   │   └── wry v0.55.1 (*)
      │   │   │   │   ├── gtk v0.18.2 (*)
      │   │   │   │   └── webkit2gtk v2.0.2 (*)
      │   │   │   ├── gtk v0.18.2 (*)
      │   │   │   └── webkit2gtk v2.0.2 (*)
      │   │   ├── gdk-sys v0.18.2
      │   │   │   ├── gdk v0.18.2 (*)
      │   │   │   ├── gdkwayland-sys v0.18.2
      │   │   │   │   └── tao v0.35.3 (*)
      │   │   │   ├── gdkx11-sys v0.18.2
      │   │   │   │   ├── gdkx11 v0.18.2 (*)
      │   │   │   │   └── tao v0.35.3 (*)
      │   │   │   ├── gtk-sys v0.18.2 (*)
      │   │   │   ├── webkit2gtk v2.0.2 (*)
      │   │   │   └── webkit2gtk-sys v2.0.2 (*)
      │   │   ├── gtk-sys v0.18.2 (*)
      │   │   └── webkit2gtk-sys v2.0.2 (*)
      │   ├── (build) gdk-pixbuf-sys v0.18.0
      │   │   ├── gdk-pixbuf v0.18.5
      │   │   │   ├── gdk v0.18.2 (*)
      │   │   │   └── gtk v0.18.2 (*)
      │   │   ├── gdk-sys v0.18.2 (*)
      │   │   └── gtk-sys v0.18.2 (*)
      │   ├── (build) gdk-sys v0.18.2 (*)
      │   ├── (build) gdkwayland-sys v0.18.2 (*)
      │   ├── (build) gdkx11-sys v0.18.2 (*)
      │   ├── (build) gio-sys v0.18.1
      │   │   ├── gdk-pixbuf-sys v0.18.0 (*)
      │   │   ├── gdk-sys v0.18.2 (*)
      │   │   ├── gio v0.18.4
      │   │   │   ├── gdk v0.18.2 (*)
      │   │   │   ├── gdk-pixbuf v0.18.5 (*)
      │   │   │   ├── gdkx11 v0.18.2 (*)
      │   │   │   ├── gtk v0.18.2 (*)
      │   │   │   ├── pango v0.18.3
      │   │   │   │   ├── gdk v0.18.2 (*)
      │   │   │   │   └── gtk v0.18.2 (*)
      │   │   │   ├── soup3 v0.5.0
      │   │   │   │   ├── webkit2gtk v2.0.2 (*)
      │   │   │   │   └── wry v0.55.1 (*)
      │   │   │   └── webkit2gtk v2.0.2 (*)
      │   │   ├── glib v0.18.5
      │   │   │   ├── atk v0.18.2 (*)
      │   │   │   ├── cairo-rs v0.18.5 (*)
      │   │   │   ├── gdk v0.18.2 (*)
      │   │   │   ├── gdk-pixbuf v0.18.5 (*)
      │   │   │   ├── gdkx11 v0.18.2 (*)
      │   │   │   ├── gio v0.18.4 (*)
      │   │   │   ├── gtk v0.18.2 (*)
      │   │   │   ├── javascriptcore-rs v1.1.2
      │   │   │   │   ├── webkit2gtk v2.0.2 (*)
      │   │   │   │   └── wry v0.55.1 (*)
      │   │   │   ├── pango v0.18.3 (*)
      │   │   │   ├── soup3 v0.5.0 (*)
      │   │   │   └── webkit2gtk v2.0.2 (*)
      │   │   ├── gtk-sys v0.18.2 (*)
      │   │   ├── soup3-sys v0.5.0
      │   │   │   ├── soup3 v0.5.0 (*)
      │   │   │   └── webkit2gtk-sys v2.0.2 (*)
      │   │   ├── webkit2gtk v2.0.2 (*)
      │   │   └── webkit2gtk-sys v2.0.2 (*)
      │   ├── (build) glib-sys v0.18.1
      │   │   ├── atk-sys v0.18.2 (*)
      │   │   ├── cairo-sys-rs v0.18.2 (*)
      │   │   ├── gdk-pixbuf-sys v0.18.0 (*)
      │   │   ├── gdk-sys v0.18.2 (*)
      │   │   ├── gdkwayland-sys v0.18.2 (*)
      │   │   ├── gdkx11-sys v0.18.2 (*)
      │   │   ├── gio-sys v0.18.1 (*)
      │   │   ├── glib v0.18.5 (*)
      │   │   ├── gobject-sys v0.18.0
      │   │   │   ├── atk-sys v0.18.2 (*)
      │   │   │   ├── gdk-pixbuf-sys v0.18.0 (*)
      │   │   │   ├── gdk-sys v0.18.2 (*)
      │   │   │   ├── gdkwayland-sys v0.18.2 (*)
      │   │   │   ├── gio-sys v0.18.1 (*)
      │   │   │   ├── glib v0.18.5 (*)
      │   │   │   ├── gtk-sys v0.18.2 (*)
      │   │   │   ├── javascriptcore-rs-sys v1.1.1
      │   │   │   │   ├── javascriptcore-rs v1.1.2 (*)
      │   │   │   │   └── webkit2gtk-sys v2.0.2 (*)
      │   │   │   ├── pango-sys v0.18.0
      │   │   │   │   ├── gdk-sys v0.18.2 (*)
      │   │   │   │   ├── gtk-sys v0.18.2 (*)
      │   │   │   │   └── pango v0.18.3 (*)
      │   │   │   ├── soup3-sys v0.5.0 (*)
      │   │   │   ├── webkit2gtk v2.0.2 (*)
      │   │   │   └── webkit2gtk-sys v2.0.2 (*)
      │   │   ├── gtk-sys v0.18.2 (*)
      │   │   ├── javascriptcore-rs-sys v1.1.1 (*)
      │   │   ├── pango-sys v0.18.0 (*)
      │   │   ├── soup3-sys v0.5.0 (*)
      │   │   ├── webkit2gtk v2.0.2 (*)
      │   │   └── webkit2gtk-sys v2.0.2 (*)
      │   ├── (build) gobject-sys v0.18.0 (*)
      │   ├── (build) gtk-sys v0.18.2 (*)
      │   ├── (build) javascriptcore-rs-sys v1.1.1 (*)
      │   ├── (build) pango-sys v0.18.0 (*)
      │   ├── (build) soup3-sys v0.5.0 (*)
      │   └── (build) webkit2gtk-sys v2.0.2 (*)
      ├── (build) tauri v2.11.5 (*)
      ├── tauri-build v2.6.3
      │   ├── (build) devsweep-desktop v0.3.0 (*)
      │   └── (build) tauri v2.11.5 (*)
      └── tauri-macros v2.6.3
          └── tauri v2.11.5 (*)

warning[duplicate]: found 2 duplicate entries for crate 'indexmap'
    ┌─ D:\Documents\Code\Rust\Exp\devsweep/Cargo.lock:169:1
    │  
169 │ ╭ indexmap 1.9.3 registry+https://github.com/rust-lang/crates.io-index
170 │ │ indexmap 2.14.0 registry+https://github.com/rust-lang/crates.io-index
    │ ╰─────────────────────────────────────────────────────────────────────┘ lock entries
    │  
    ├ indexmap v1.9.3
      └── schemars v0.8.22
          ├── tauri-build v2.6.3
          │   ├── (build) devsweep-desktop v0.3.0
          │   └── (build) tauri v2.11.5
          │       └── devsweep-desktop v0.3.0 (*)
          └── tauri-utils v2.9.3
              ├── tauri v2.11.5 (*)
              ├── tauri-build v2.6.3 (*)
              ├── tauri-codegen v2.6.3
              │   └── tauri-macros v2.6.3
              │       └── tauri v2.11.5 (*)
              ├── tauri-macros v2.6.3 (*)
              ├── tauri-runtime v2.11.3
              │   ├── tauri v2.11.5 (*)
              │   └── tauri-runtime-wry v2.11.4
              │       └── tauri v2.11.5 (*)
              └── tauri-runtime-wry v2.11.4 (*)
    ├ indexmap v2.14.0
      ├── plist v1.10.0
      │   ├── tauri v2.11.5
      │   │   └── devsweep-desktop v0.3.0
      │   ├── tauri-codegen v2.6.3
      │   │   └── tauri-macros v2.6.3
      │   │       └── tauri v2.11.5 (*)
      │   └── tauri-utils v2.9.3
      │       ├── tauri v2.11.5 (*)
      │       ├── tauri-build v2.6.3
      │       │   ├── (build) devsweep-desktop v0.3.0 (*)
      │       │   └── (build) tauri v2.11.5 (*)
      │       ├── tauri-codegen v2.6.3 (*)
      │       ├── tauri-macros v2.6.3 (*)
      │       ├── tauri-runtime v2.11.3
      │       │   ├── tauri v2.11.5 (*)
      │       │   └── tauri-runtime-wry v2.11.4
      │       │       └── tauri v2.11.5 (*)
      │       └── tauri-runtime-wry v2.11.4 (*)
      ├── toml_edit v0.19.15
      │   └── proc-macro-crate v1.3.1
      │       └── gtk3-macros v0.18.2
      │           └── gtk v0.18.2
      │               ├── muda v0.19.3
      │               │   └── tauri v2.11.5 (*)
      │               ├── tao v0.35.3
      │               │   └── tauri-runtime-wry v2.11.4 (*)
      │               ├── tauri v2.11.5 (*)
      │               ├── tauri-runtime v2.11.3 (*)
      │               ├── tauri-runtime-wry v2.11.4 (*)
      │               ├── webkit2gtk v2.0.2
      │               │   ├── tauri v2.11.5 (*)
      │               │   ├── tauri-runtime v2.11.3 (*)
      │               │   ├── tauri-runtime-wry v2.11.4 (*)
      │               │   └── wry v0.55.1
      │               │       └── tauri-runtime-wry v2.11.4 (*)
      │               └── wry v0.55.1 (*)
      ├── toml_edit v0.20.2
      │   ├── proc-macro-crate v2.0.2
      │   │   └── glib-macros v0.18.5
      │   │       └── glib v0.18.5
      │   │           ├── atk v0.18.2
      │   │           │   └── gtk v0.18.2 (*)
      │   │           ├── cairo-rs v0.18.5
      │   │           │   ├── gdk v0.18.2
      │   │           │   │   ├── gdkx11 v0.18.2
      │   │           │   │   │   └── wry v0.55.1 (*)
      │   │           │   │   ├── gtk v0.18.2 (*)
      │   │           │   │   └── webkit2gtk v2.0.2 (*)
      │   │           │   ├── gtk v0.18.2 (*)
      │   │           │   └── webkit2gtk v2.0.2 (*)
      │   │           ├── gdk v0.18.2 (*)
      │   │           ├── gdk-pixbuf v0.18.5
      │   │           │   ├── gdk v0.18.2 (*)
      │   │           │   └── gtk v0.18.2 (*)
      │   │           ├── gdkx11 v0.18.2 (*)
      │   │           ├── gio v0.18.4
      │   │           │   ├── gdk v0.18.2 (*)
      │   │           │   ├── gdk-pixbuf v0.18.5 (*)
      │   │           │   ├── gdkx11 v0.18.2 (*)
      │   │           │   ├── gtk v0.18.2 (*)
      │   │           │   ├── pango v0.18.3
      │   │           │   │   ├── gdk v0.18.2 (*)
      │   │           │   │   └── gtk v0.18.2 (*)
      │   │           │   ├── soup3 v0.5.0
      │   │           │   │   ├── webkit2gtk v2.0.2 (*)
      │   │           │   │   └── wry v0.55.1 (*)
      │   │           │   └── webkit2gtk v2.0.2 (*)
      │   │           ├── gtk v0.18.2 (*)
      │   │           ├── javascriptcore-rs v1.1.2
      │   │           │   ├── webkit2gtk v2.0.2 (*)
      │   │           │   └── wry v0.55.1 (*)
      │   │           ├── pango v0.18.3 (*)
      │   │           ├── soup3 v0.5.0 (*)
      │   │           └── webkit2gtk v2.0.2 (*)
      │   └── toml v0.8.2
      │       └── system-deps v6.2.2
      │           ├── (build) atk-sys v0.18.2
      │           │   ├── atk v0.18.2 (*)
      │           │   └── gtk-sys v0.18.2
      │           │       ├── gtk v0.18.2 (*)
      │           │       ├── webkit2gtk v2.0.2 (*)
      │           │       └── webkit2gtk-sys v2.0.2
      │           │           ├── webkit2gtk v2.0.2 (*)
      │           │           └── wry v0.55.1 (*)
      │           ├── (build) cairo-sys-rs v0.18.2
      │           │   ├── cairo-rs v0.18.5 (*)
      │           │   ├── gdk-sys v0.18.2
      │           │   │   ├── gdk v0.18.2 (*)
      │           │   │   ├── gdkwayland-sys v0.18.2
      │           │   │   │   └── tao v0.35.3 (*)
      │           │   │   ├── gdkx11-sys v0.18.2
      │           │   │   │   ├── gdkx11 v0.18.2 (*)
      │           │   │   │   └── tao v0.35.3 (*)
      │           │   │   ├── gtk-sys v0.18.2 (*)
      │           │   │   ├── webkit2gtk v2.0.2 (*)
      │           │   │   └── webkit2gtk-sys v2.0.2 (*)
      │           │   ├── gtk-sys v0.18.2 (*)
      │           │   └── webkit2gtk-sys v2.0.2 (*)
      │           ├── (build) gdk-pixbuf-sys v0.18.0
      │           │   ├── gdk-pixbuf v0.18.5 (*)
      │           │   ├── gdk-sys v0.18.2 (*)
      │           │   └── gtk-sys v0.18.2 (*)
      │           ├── (build) gdk-sys v0.18.2 (*)
      │           ├── (build) gdkwayland-sys v0.18.2 (*)
      │           ├── (build) gdkx11-sys v0.18.2 (*)
      │           ├── (build) gio-sys v0.18.1
      │           │   ├── gdk-pixbuf-sys v0.18.0 (*)
      │           │   ├── gdk-sys v0.18.2 (*)
      │           │   ├── gio v0.18.4 (*)
      │           │   ├── glib v0.18.5 (*)
      │           │   ├── gtk-sys v0.18.2 (*)
      │           │   ├── soup3-sys v0.5.0
      │           │   │   ├── soup3 v0.5.0 (*)
      │           │   │   └── webkit2gtk-sys v2.0.2 (*)
      │           │   ├── webkit2gtk v2.0.2 (*)
      │           │   └── webkit2gtk-sys v2.0.2 (*)
      │           ├── (build) glib-sys v0.18.1
      │           │   ├── atk-sys v0.18.2 (*)
      │           │   ├── cairo-sys-rs v0.18.2 (*)
      │           │   ├── gdk-pixbuf-sys v0.18.0 (*)
      │           │   ├── gdk-sys v0.18.2 (*)
      │           │   ├── gdkwayland-sys v0.18.2 (*)
      │           │   ├── gdkx11-sys v0.18.2 (*)
      │           │   ├── gio-sys v0.18.1 (*)
      │           │   ├── glib v0.18.5 (*)
      │           │   ├── gobject-sys v0.18.0
      │           │   │   ├── atk-sys v0.18.2 (*)
      │           │   │   ├── gdk-pixbuf-sys v0.18.0 (*)
      │           │   │   ├── gdk-sys v0.18.2 (*)
      │           │   │   ├── gdkwayland-sys v0.18.2 (*)
      │           │   │   ├── gio-sys v0.18.1 (*)
      │           │   │   ├── glib v0.18.5 (*)
      │           │   │   ├── gtk-sys v0.18.2 (*)
      │           │   │   ├── javascriptcore-rs-sys v1.1.1
      │           │   │   │   ├── javascriptcore-rs v1.1.2 (*)
      │           │   │   │   └── webkit2gtk-sys v2.0.2 (*)
      │           │   │   ├── pango-sys v0.18.0
      │           │   │   │   ├── gdk-sys v0.18.2 (*)
      │           │   │   │   ├── gtk-sys v0.18.2 (*)
      │           │   │   │   └── pango v0.18.3 (*)
      │           │   │   ├── soup3-sys v0.5.0 (*)
      │           │   │   ├── webkit2gtk v2.0.2 (*)
      │           │   │   └── webkit2gtk-sys v2.0.2 (*)
      │           │   ├── gtk-sys v0.18.2 (*)
      │           │   ├── javascriptcore-rs-sys v1.1.1 (*)
      │           │   ├── pango-sys v0.18.0 (*)
      │           │   ├── soup3-sys v0.5.0 (*)
      │           │   ├── webkit2gtk v2.0.2 (*)
      │           │   └── webkit2gtk-sys v2.0.2 (*)
      │           ├── (build) gobject-sys v0.18.0 (*)
      │           ├── (build) gtk-sys v0.18.2 (*)
      │           ├── (build) javascriptcore-rs-sys v1.1.1 (*)
      │           ├── (build) pango-sys v0.18.0 (*)
      │           ├── (build) soup3-sys v0.5.0 (*)
      │           └── (build) webkit2gtk-sys v2.0.2 (*)
      └── toml_edit v0.25.13+spec-1.1.0
          └── proc-macro-crate v3.5.0
              └── num_enum_derive v0.7.6
                  └── num_enum v0.7.6
                      └── ndk v0.9.0
                          ├── softbuffer v0.4.8
                          │   └── tauri-runtime-wry v2.11.4 (*)
                          ├── tao v0.35.3 (*)
                          └── wry v0.55.1 (*)

warning[duplicate]: found 2 duplicate entries for crate 'png'
    ┌─ D:\Documents\Code\Rust\Exp\devsweep/Cargo.lock:248:1
    │  
248 │ ╭ png 0.17.16 registry+https://github.com/rust-lang/crates.io-index
249 │ │ png 0.18.1 registry+https://github.com/rust-lang/crates.io-index
    │ ╰────────────────────────────────────────────────────────────────┘ lock entries
    │  
    ├ png v0.17.16
      ├── ico v0.5.0
      │   └── tauri-codegen v2.6.3
      │       └── tauri-macros v2.6.3
      │           └── tauri v2.11.5
      │               └── devsweep-desktop v0.3.0
      └── tauri-codegen v2.6.3 (*)
    ├ png v0.18.1
      └── muda v0.19.3
          └── tauri v2.11.5
              └── devsweep-desktop v0.3.0

warning[duplicate]: found 3 duplicate entries for crate 'proc-macro-crate'
    ┌─ D:\Documents\Code\Rust\Exp\devsweep/Cargo.lock:253:1
    │  
253 │ ╭ proc-macro-crate 1.3.1 registry+https://github.com/rust-lang/crates.io-index
254 │ │ proc-macro-crate 2.0.2 registry+https://github.com/rust-lang/crates.io-index
255 │ │ proc-macro-crate 3.5.0 registry+https://github.com/rust-lang/crates.io-index
    │ ╰────────────────────────────────────────────────────────────────────────────┘ lock entries
    │  
    ├ proc-macro-crate v1.3.1
      └── gtk3-macros v0.18.2
          └── gtk v0.18.2
              ├── muda v0.19.3
              │   └── tauri v2.11.5
              │       └── devsweep-desktop v0.3.0
              ├── tao v0.35.3
              │   └── tauri-runtime-wry v2.11.4
              │       └── tauri v2.11.5 (*)
              ├── tauri v2.11.5 (*)
              ├── tauri-runtime v2.11.3
              │   ├── tauri v2.11.5 (*)
              │   └── tauri-runtime-wry v2.11.4 (*)
              ├── tauri-runtime-wry v2.11.4 (*)
              ├── webkit2gtk v2.0.2
              │   ├── tauri v2.11.5 (*)
              │   ├── tauri-runtime v2.11.3 (*)
              │   ├── tauri-runtime-wry v2.11.4 (*)
              │   └── wry v0.55.1
              │       └── tauri-runtime-wry v2.11.4 (*)
              └── wry v0.55.1 (*)
    ├ proc-macro-crate v2.0.2
      └── glib-macros v0.18.5
          └── glib v0.18.5
              ├── atk v0.18.2
              │   └── gtk v0.18.2
              │       ├── muda v0.19.3
              │       │   └── tauri v2.11.5
              │       │       └── devsweep-desktop v0.3.0
              │       ├── tao v0.35.3
              │       │   └── tauri-runtime-wry v2.11.4
              │       │       └── tauri v2.11.5 (*)
              │       ├── tauri v2.11.5 (*)
              │       ├── tauri-runtime v2.11.3
              │       │   ├── tauri v2.11.5 (*)
              │       │   └── tauri-runtime-wry v2.11.4 (*)
              │       ├── tauri-runtime-wry v2.11.4 (*)
              │       ├── webkit2gtk v2.0.2
              │       │   ├── tauri v2.11.5 (*)
              │       │   ├── tauri-runtime v2.11.3 (*)
              │       │   ├── tauri-runtime-wry v2.11.4 (*)
              │       │   └── wry v0.55.1
              │       │       └── tauri-runtime-wry v2.11.4 (*)
              │       └── wry v0.55.1 (*)
              ├── cairo-rs v0.18.5
              │   ├── gdk v0.18.2
              │   │   ├── gdkx11 v0.18.2
              │   │   │   └── wry v0.55.1 (*)
              │   │   ├── gtk v0.18.2 (*)
              │   │   └── webkit2gtk v2.0.2 (*)
              │   ├── gtk v0.18.2 (*)
              │   └── webkit2gtk v2.0.2 (*)
              ├── gdk v0.18.2 (*)
              ├── gdk-pixbuf v0.18.5
              │   ├── gdk v0.18.2 (*)
              │   └── gtk v0.18.2 (*)
              ├── gdkx11 v0.18.2 (*)
              ├── gio v0.18.4
              │   ├── gdk v0.18.2 (*)
              │   ├── gdk-pixbuf v0.18.5 (*)
              │   ├── gdkx11 v0.18.2 (*)
              │   ├── gtk v0.18.2 (*)
              │   ├── pango v0.18.3
              │   │   ├── gdk v0.18.2 (*)
              │   │   └── gtk v0.18.2 (*)
              │   ├── soup3 v0.5.0
              │   │   ├── webkit2gtk v2.0.2 (*)
              │   │   └── wry v0.55.1 (*)
              │   └── webkit2gtk v2.0.2 (*)
              ├── gtk v0.18.2 (*)
              ├── javascriptcore-rs v1.1.2
              │   ├── webkit2gtk v2.0.2 (*)
              │   └── wry v0.55.1 (*)
              ├── pango v0.18.3 (*)
              ├── soup3 v0.5.0 (*)
              └── webkit2gtk v2.0.2 (*)
    ├ proc-macro-crate v3.5.0
      └── num_enum_derive v0.7.6
          └── num_enum v0.7.6
              └── ndk v0.9.0
                  ├── softbuffer v0.4.8
                  │   └── tauri-runtime-wry v2.11.4
                  │       └── tauri v2.11.5
                  │           └── devsweep-desktop v0.3.0
                  ├── tao v0.35.3
                  │   └── tauri-runtime-wry v2.11.4 (*)
                  └── wry v0.55.1
                      └── tauri-runtime-wry v2.11.4 (*)

warning[duplicate]: found 2 duplicate entries for crate 'r-efi'
    ┌─ D:\Documents\Code\Rust\Exp\devsweep/Cargo.lock:261:1
    │  
261 │ ╭ r-efi 5.3.0 registry+https://github.com/rust-lang/crates.io-index
262 │ │ r-efi 6.0.0 registry+https://github.com/rust-lang/crates.io-index
    │ ╰─────────────────────────────────────────────────────────────────┘ lock entries
    │  
    ├ r-efi v5.3.0
      └── getrandom v0.3.4
          └── tauri v2.11.5
              └── devsweep-desktop v0.3.0
    ├ r-efi v6.0.0
      └── getrandom v0.4.3
          ├── tempfile v3.27.0
          │   ├── (dev) devsweep-cli v0.3.0
          │   ├── (dev) devsweep-core v0.3.0
          │   │   ├── devsweep-cli v0.3.0 (*)
          │   │   └── devsweep-desktop v0.3.0
          │   └── (dev) devsweep-desktop v0.3.0 (*)
          └── uuid v1.24.0
              ├── cfb v0.7.3
              │   └── infer v0.19.0
              │       └── tauri-utils v2.9.3
              │           ├── tauri v2.11.5
              │           │   └── devsweep-desktop v0.3.0 (*)
              │           ├── tauri-build v2.6.3
              │           │   ├── (build) devsweep-desktop v0.3.0 (*)
              │           │   └── (build) tauri v2.11.5 (*)
              │           ├── tauri-codegen v2.6.3
              │           │   └── tauri-macros v2.6.3
              │           │       └── tauri v2.11.5 (*)
              │           ├── tauri-macros v2.6.3 (*)
              │           ├── tauri-runtime v2.11.3
              │           │   ├── tauri v2.11.5 (*)
              │           │   └── tauri-runtime-wry v2.11.4
              │           │       └── tauri v2.11.5 (*)
              │           └── tauri-runtime-wry v2.11.4 (*)
              ├── schemars v0.8.22
              │   ├── tauri-build v2.6.3 (*)
              │   └── tauri-utils v2.9.3 (*)
              ├── tauri-codegen v2.6.3 (*)
              └── tauri-utils v2.9.3 (*)

warning[duplicate]: found 2 duplicate entries for crate 'serde_spanned'
    ┌─ D:\Documents\Code\Rust\Exp\devsweep/Cargo.lock:295:1
    │  
295 │ ╭ serde_spanned 0.6.9 registry+https://github.com/rust-lang/crates.io-index
296 │ │ serde_spanned 1.1.1 registry+https://github.com/rust-lang/crates.io-index
    │ ╰─────────────────────────────────────────────────────────────────────────┘ lock entries
    │  
    ├ serde_spanned v0.6.9
      ├── toml v0.8.2
      │   └── system-deps v6.2.2
      │       ├── (build) atk-sys v0.18.2
      │       │   ├── atk v0.18.2
      │       │   │   └── gtk v0.18.2
      │       │   │       ├── muda v0.19.3
      │       │   │       │   └── tauri v2.11.5
      │       │   │       │       └── devsweep-desktop v0.3.0
      │       │   │       ├── tao v0.35.3
      │       │   │       │   └── tauri-runtime-wry v2.11.4
      │       │   │       │       └── tauri v2.11.5 (*)
      │       │   │       ├── tauri v2.11.5 (*)
      │       │   │       ├── tauri-runtime v2.11.3
      │       │   │       │   ├── tauri v2.11.5 (*)
      │       │   │       │   └── tauri-runtime-wry v2.11.4 (*)
      │       │   │       ├── tauri-runtime-wry v2.11.4 (*)
      │       │   │       ├── webkit2gtk v2.0.2
      │       │   │       │   ├── tauri v2.11.5 (*)
      │       │   │       │   ├── tauri-runtime v2.11.3 (*)
      │       │   │       │   ├── tauri-runtime-wry v2.11.4 (*)
      │       │   │       │   └── wry v0.55.1
      │       │   │       │       └── tauri-runtime-wry v2.11.4 (*)
      │       │   │       └── wry v0.55.1 (*)
      │       │   └── gtk-sys v0.18.2
      │       │       ├── gtk v0.18.2 (*)
      │       │       ├── webkit2gtk v2.0.2 (*)
      │       │       └── webkit2gtk-sys v2.0.2
      │       │           ├── webkit2gtk v2.0.2 (*)
      │       │           └── wry v0.55.1 (*)
      │       ├── (build) cairo-sys-rs v0.18.2
      │       │   ├── cairo-rs v0.18.5
      │       │   │   ├── gdk v0.18.2
      │       │   │   │   ├── gdkx11 v0.18.2
      │       │   │   │   │   └── wry v0.55.1 (*)
      │       │   │   │   ├── gtk v0.18.2 (*)
      │       │   │   │   └── webkit2gtk v2.0.2 (*)
      │       │   │   ├── gtk v0.18.2 (*)
      │       │   │   └── webkit2gtk v2.0.2 (*)
      │       │   ├── gdk-sys v0.18.2
      │       │   │   ├── gdk v0.18.2 (*)
      │       │   │   ├── gdkwayland-sys v0.18.2
      │       │   │   │   └── tao v0.35.3 (*)
      │       │   │   ├── gdkx11-sys v0.18.2
      │       │   │   │   ├── gdkx11 v0.18.2 (*)
      │       │   │   │   └── tao v0.35.3 (*)
      │       │   │   ├── gtk-sys v0.18.2 (*)
      │       │   │   ├── webkit2gtk v2.0.2 (*)
      │       │   │   └── webkit2gtk-sys v2.0.2 (*)
      │       │   ├── gtk-sys v0.18.2 (*)
      │       │   └── webkit2gtk-sys v2.0.2 (*)
      │       ├── (build) gdk-pixbuf-sys v0.18.0
      │       │   ├── gdk-pixbuf v0.18.5
      │       │   │   ├── gdk v0.18.2 (*)
      │       │   │   └── gtk v0.18.2 (*)
      │       │   ├── gdk-sys v0.18.2 (*)
      │       │   └── gtk-sys v0.18.2 (*)
      │       ├── (build) gdk-sys v0.18.2 (*)
      │       ├── (build) gdkwayland-sys v0.18.2 (*)
      │       ├── (build) gdkx11-sys v0.18.2 (*)
      │       ├── (build) gio-sys v0.18.1
      │       │   ├── gdk-pixbuf-sys v0.18.0 (*)
      │       │   ├── gdk-sys v0.18.2 (*)
      │       │   ├── gio v0.18.4
      │       │   │   ├── gdk v0.18.2 (*)
      │       │   │   ├── gdk-pixbuf v0.18.5 (*)
      │       │   │   ├── gdkx11 v0.18.2 (*)
      │       │   │   ├── gtk v0.18.2 (*)
      │       │   │   ├── pango v0.18.3
      │       │   │   │   ├── gdk v0.18.2 (*)
      │       │   │   │   └── gtk v0.18.2 (*)
      │       │   │   ├── soup3 v0.5.0
      │       │   │   │   ├── webkit2gtk v2.0.2 (*)
      │       │   │   │   └── wry v0.55.1 (*)
      │       │   │   └── webkit2gtk v2.0.2 (*)
      │       │   ├── glib v0.18.5
      │       │   │   ├── atk v0.18.2 (*)
      │       │   │   ├── cairo-rs v0.18.5 (*)
      │       │   │   ├── gdk v0.18.2 (*)
      │       │   │   ├── gdk-pixbuf v0.18.5 (*)
      │       │   │   ├── gdkx11 v0.18.2 (*)
      │       │   │   ├── gio v0.18.4 (*)
      │       │   │   ├── gtk v0.18.2 (*)
      │       │   │   ├── javascriptcore-rs v1.1.2
      │       │   │   │   ├── webkit2gtk v2.0.2 (*)
      │       │   │   │   └── wry v0.55.1 (*)
      │       │   │   ├── pango v0.18.3 (*)
      │       │   │   ├── soup3 v0.5.0 (*)
      │       │   │   └── webkit2gtk v2.0.2 (*)
      │       │   ├── gtk-sys v0.18.2 (*)
      │       │   ├── soup3-sys v0.5.0
      │       │   │   ├── soup3 v0.5.0 (*)
      │       │   │   └── webkit2gtk-sys v2.0.2 (*)
      │       │   ├── webkit2gtk v2.0.2 (*)
      │       │   └── webkit2gtk-sys v2.0.2 (*)
      │       ├── (build) glib-sys v0.18.1
      │       │   ├── atk-sys v0.18.2 (*)
      │       │   ├── cairo-sys-rs v0.18.2 (*)
      │       │   ├── gdk-pixbuf-sys v0.18.0 (*)
      │       │   ├── gdk-sys v0.18.2 (*)
      │       │   ├── gdkwayland-sys v0.18.2 (*)
      │       │   ├── gdkx11-sys v0.18.2 (*)
      │       │   ├── gio-sys v0.18.1 (*)
      │       │   ├── glib v0.18.5 (*)
      │       │   ├── gobject-sys v0.18.0
      │       │   │   ├── atk-sys v0.18.2 (*)
      │       │   │   ├── gdk-pixbuf-sys v0.18.0 (*)
      │       │   │   ├── gdk-sys v0.18.2 (*)
      │       │   │   ├── gdkwayland-sys v0.18.2 (*)
      │       │   │   ├── gio-sys v0.18.1 (*)
      │       │   │   ├── glib v0.18.5 (*)
      │       │   │   ├── gtk-sys v0.18.2 (*)
      │       │   │   ├── javascriptcore-rs-sys v1.1.1
      │       │   │   │   ├── javascriptcore-rs v1.1.2 (*)
      │       │   │   │   └── webkit2gtk-sys v2.0.2 (*)
      │       │   │   ├── pango-sys v0.18.0
      │       │   │   │   ├── gdk-sys v0.18.2 (*)
      │       │   │   │   ├── gtk-sys v0.18.2 (*)
      │       │   │   │   └── pango v0.18.3 (*)
      │       │   │   ├── soup3-sys v0.5.0 (*)
      │       │   │   ├── webkit2gtk v2.0.2 (*)
      │       │   │   └── webkit2gtk-sys v2.0.2 (*)
      │       │   ├── gtk-sys v0.18.2 (*)
      │       │   ├── javascriptcore-rs-sys v1.1.1 (*)
      │       │   ├── pango-sys v0.18.0 (*)
      │       │   ├── soup3-sys v0.5.0 (*)
      │       │   ├── webkit2gtk v2.0.2 (*)
      │       │   └── webkit2gtk-sys v2.0.2 (*)
      │       ├── (build) gobject-sys v0.18.0 (*)
      │       ├── (build) gtk-sys v0.18.2 (*)
      │       ├── (build) javascriptcore-rs-sys v1.1.1 (*)
      │       ├── (build) pango-sys v0.18.0 (*)
      │       ├── (build) soup3-sys v0.5.0 (*)
      │       └── (build) webkit2gtk-sys v2.0.2 (*)
      └── toml_edit v0.20.2
          ├── proc-macro-crate v2.0.2
          │   └── glib-macros v0.18.5
          │       └── glib v0.18.5 (*)
          └── toml v0.8.2 (*)
    ├ serde_spanned v1.1.1
      ├── toml v0.9.12+spec-1.1.0
      │   └── cargo_toml v0.22.3
      │       └── tauri-build v2.6.3
      │           ├── (build) devsweep-desktop v0.3.0
      │           └── (build) tauri v2.11.5
      │               └── devsweep-desktop v0.3.0 (*)
      └── toml v1.1.4+spec-1.1.0
          ├── embed-resource v3.0.11
          │   └── tauri-winres v0.3.6
          │       └── tauri-build v2.6.3 (*)
          ├── tauri-utils v2.9.3
          │   ├── tauri v2.11.5 (*)
          │   ├── tauri-build v2.6.3 (*)
          │   ├── tauri-codegen v2.6.3
          │   │   └── tauri-macros v2.6.3
          │   │       └── tauri v2.11.5 (*)
          │   ├── tauri-macros v2.6.3 (*)
          │   ├── tauri-runtime v2.11.3
          │   │   ├── tauri v2.11.5 (*)
          │   │   └── tauri-runtime-wry v2.11.4
          │   │       └── tauri v2.11.5 (*)
          │   └── tauri-runtime-wry v2.11.4 (*)
          └── tauri-winres v0.3.6 (*)

warning[duplicate]: found 3 duplicate entries for crate 'syn'
    ┌─ D:\Documents\Code\Rust\Exp\devsweep/Cargo.lock:324:1
    │  
324 │ ╭ syn 1.0.109 registry+https://github.com/rust-lang/crates.io-index
325 │ │ syn 2.0.119 registry+https://github.com/rust-lang/crates.io-index
326 │ │ syn 3.0.3 registry+https://github.com/rust-lang/crates.io-index
    │ ╰───────────────────────────────────────────────────────────────┘ lock entries
    │  
    ├ syn v1.0.109
      └── proc-macro-error v1.0.4
          ├── glib-macros v0.18.5
          │   └── glib v0.18.5
          │       ├── atk v0.18.2
          │       │   └── gtk v0.18.2
          │       │       ├── muda v0.19.3
          │       │       │   └── tauri v2.11.5
          │       │       │       └── devsweep-desktop v0.3.0
          │       │       ├── tao v0.35.3
          │       │       │   └── tauri-runtime-wry v2.11.4
          │       │       │       └── tauri v2.11.5 (*)
          │       │       ├── tauri v2.11.5 (*)
          │       │       ├── tauri-runtime v2.11.3
          │       │       │   ├── tauri v2.11.5 (*)
          │       │       │   └── tauri-runtime-wry v2.11.4 (*)
          │       │       ├── tauri-runtime-wry v2.11.4 (*)
          │       │       ├── webkit2gtk v2.0.2
          │       │       │   ├── tauri v2.11.5 (*)
          │       │       │   ├── tauri-runtime v2.11.3 (*)
          │       │       │   ├── tauri-runtime-wry v2.11.4 (*)
          │       │       │   └── wry v0.55.1
          │       │       │       └── tauri-runtime-wry v2.11.4 (*)
          │       │       └── wry v0.55.1 (*)
          │       ├── cairo-rs v0.18.5
          │       │   ├── gdk v0.18.2
          │       │   │   ├── gdkx11 v0.18.2
          │       │   │   │   └── wry v0.55.1 (*)
          │       │   │   ├── gtk v0.18.2 (*)
          │       │   │   └── webkit2gtk v2.0.2 (*)
          │       │   ├── gtk v0.18.2 (*)
          │       │   └── webkit2gtk v2.0.2 (*)
          │       ├── gdk v0.18.2 (*)
          │       ├── gdk-pixbuf v0.18.5
          │       │   ├── gdk v0.18.2 (*)
          │       │   └── gtk v0.18.2 (*)
          │       ├── gdkx11 v0.18.2 (*)
          │       ├── gio v0.18.4
          │       │   ├── gdk v0.18.2 (*)
          │       │   ├── gdk-pixbuf v0.18.5 (*)
          │       │   ├── gdkx11 v0.18.2 (*)
          │       │   ├── gtk v0.18.2 (*)
          │       │   ├── pango v0.18.3
          │       │   │   ├── gdk v0.18.2 (*)
          │       │   │   └── gtk v0.18.2 (*)
          │       │   ├── soup3 v0.5.0
          │       │   │   ├── webkit2gtk v2.0.2 (*)
          │       │   │   └── wry v0.55.1 (*)
          │       │   └── webkit2gtk v2.0.2 (*)
          │       ├── gtk v0.18.2 (*)
          │       ├── javascriptcore-rs v1.1.2
          │       │   ├── webkit2gtk v2.0.2 (*)
          │       │   └── wry v0.55.1 (*)
          │       ├── pango v0.18.3 (*)
          │       ├── soup3 v0.5.0 (*)
          │       └── webkit2gtk v2.0.2 (*)
          └── gtk3-macros v0.18.2
              └── gtk v0.18.2 (*)
    ├ syn v2.0.119
      ├── cssparser-macros v0.6.1
      │   └── cssparser v0.36.0
      │       ├── dom_query v0.27.0
      │       │   ├── tauri-utils v2.9.3
      │       │   │   ├── tauri v2.11.5
      │       │   │   │   └── devsweep-desktop v0.3.0
      │       │   │   ├── tauri-build v2.6.3
      │       │   │   │   ├── (build) devsweep-desktop v0.3.0 (*)
      │       │   │   │   └── (build) tauri v2.11.5 (*)
      │       │   │   ├── tauri-codegen v2.6.3
      │       │   │   │   └── tauri-macros v2.6.3
      │       │   │   │       └── tauri v2.11.5 (*)
      │       │   │   ├── tauri-macros v2.6.3 (*)
      │       │   │   ├── tauri-runtime v2.11.3
      │       │   │   │   ├── tauri v2.11.5 (*)
      │       │   │   │   └── tauri-runtime-wry v2.11.4
      │       │   │   │       └── tauri v2.11.5 (*)
      │       │   │   └── tauri-runtime-wry v2.11.4 (*)
      │       │   └── wry v0.55.1
      │       │       └── tauri-runtime-wry v2.11.4 (*)
      │       └── selectors v0.36.1
      │           └── dom_query v0.27.0 (*)
      ├── darling_core v0.20.11
      │   ├── darling v0.20.11
      │   │   └── instability v0.3.10
      │   │       ├── ratatui v0.30.2
      │   │       │   └── devsweep-cli v0.3.0
      │   │       ├── ratatui-crossterm v0.1.2
      │   │       │   └── ratatui v0.30.2 (*)
      │   │       └── ratatui-widgets v0.3.2
      │   │           ├── ratatui v0.30.2 (*)
      │   │           └── ratatui-macros v0.7.2
      │   │               └── ratatui v0.30.2 (*)
      │   └── darling_macro v0.20.11
      │       └── darling v0.20.11 (*)
      ├── darling_core v0.23.0
      │   ├── darling v0.23.0
      │   │   └── serde_with_macros v3.21.0
      │   │       └── serde_with v3.21.0
      │   │           └── tauri-utils v2.9.3 (*)
      │   └── darling_macro v0.23.0
      │       └── darling v0.23.0 (*)
      ├── darling_macro v0.20.11 (*)
      ├── darling_macro v0.23.0 (*)
      ├── derive_more-impl v2.1.1
      │   └── derive_more v2.1.1
      │       ├── crossterm v0.29.0
      │       │   ├── devsweep-cli v0.3.0 (*)
      │       │   └── ratatui-crossterm v0.1.2 (*)
      │       └── selectors v0.36.1 (*)
      ├── dlopen2_derive v0.4.3
      │   └── dlopen2 v0.8.2
      │       └── tao v0.35.3
      │           └── tauri-runtime-wry v2.11.4 (*)
      ├── futures-macro v0.3.33
      │   └── futures-util v0.3.33
      │       ├── futures-executor v0.3.33
      │       │   └── glib v0.18.5
      │       │       ├── atk v0.18.2
      │       │       │   └── gtk v0.18.2
      │       │       │       ├── muda v0.19.3
      │       │       │       │   └── tauri v2.11.5 (*)
      │       │       │       ├── tao v0.35.3 (*)
      │       │       │       ├── tauri v2.11.5 (*)
      │       │       │       ├── tauri-runtime v2.11.3 (*)
      │       │       │       ├── tauri-runtime-wry v2.11.4 (*)
      │       │       │       ├── webkit2gtk v2.0.2
      │       │       │       │   ├── tauri v2.11.5 (*)
      │       │       │       │   ├── tauri-runtime v2.11.3 (*)
      │       │       │       │   ├── tauri-runtime-wry v2.11.4 (*)
      │       │       │       │   └── wry v0.55.1 (*)
      │       │       │       └── wry v0.55.1 (*)
      │       │       ├── cairo-rs v0.18.5
      │       │       │   ├── gdk v0.18.2
      │       │       │   │   ├── gdkx11 v0.18.2
      │       │       │   │   │   └── wry v0.55.1 (*)
      │       │       │   │   ├── gtk v0.18.2 (*)
      │       │       │   │   └── webkit2gtk v2.0.2 (*)
      │       │       │   ├── gtk v0.18.2 (*)
      │       │       │   └── webkit2gtk v2.0.2 (*)
      │       │       ├── gdk v0.18.2 (*)
      │       │       ├── gdk-pixbuf v0.18.5
      │       │       │   ├── gdk v0.18.2 (*)
      │       │       │   └── gtk v0.18.2 (*)
      │       │       ├── gdkx11 v0.18.2 (*)
      │       │       ├── gio v0.18.4
      │       │       │   ├── gdk v0.18.2 (*)
      │       │       │   ├── gdk-pixbuf v0.18.5 (*)
      │       │       │   ├── gdkx11 v0.18.2 (*)
      │       │       │   ├── gtk v0.18.2 (*)
      │       │       │   ├── pango v0.18.3
      │       │       │   │   ├── gdk v0.18.2 (*)
      │       │       │   │   └── gtk v0.18.2 (*)
      │       │       │   ├── soup3 v0.5.0
      │       │       │   │   ├── webkit2gtk v2.0.2 (*)
      │       │       │   │   └── wry v0.55.1 (*)
      │       │       │   └── webkit2gtk v2.0.2 (*)
      │       │       ├── gtk v0.18.2 (*)
      │       │       ├── javascriptcore-rs v1.1.2
      │       │       │   ├── webkit2gtk v2.0.2 (*)
      │       │       │   └── wry v0.55.1 (*)
      │       │       ├── pango v0.18.3 (*)
      │       │       ├── soup3 v0.5.0 (*)
      │       │       └── webkit2gtk v2.0.2 (*)
      │       ├── gio v0.18.4 (*)
      │       ├── glib v0.18.5 (*)
      │       ├── hyper-util v0.1.20
      │       │   └── reqwest v0.13.4
      │       │       └── tauri v2.11.5 (*)
      │       ├── js-sys v0.3.103
      │       │   ├── iana-time-zone v0.1.65
      │       │   │   └── chrono v0.4.45
      │       │   │       └── trash v5.2.6
      │       │   │           └── devsweep-core v0.3.0
      │       │   │               ├── devsweep-cli v0.3.0 (*)
      │       │   │               └── devsweep-desktop v0.3.0 (*)
      │       │   ├── reqwest v0.13.4 (*)
      │       │   ├── softbuffer v0.4.8
      │       │   │   └── tauri-runtime-wry v2.11.4 (*)
      │       │   ├── wasm-bindgen-futures v0.4.76
      │       │   │   ├── reqwest v0.13.4 (*)
      │       │   │   └── wasm-streams v0.5.0
      │       │   │       └── reqwest v0.13.4 (*)
      │       │   ├── wasm-streams v0.5.0 (*)
      │       │   └── web-sys v0.3.103
      │       │       ├── reqwest v0.13.4 (*)
      │       │       ├── softbuffer v0.4.8 (*)
      │       │       └── wasm-streams v0.5.0 (*)
      │       ├── reqwest v0.13.4 (*)
      │       ├── tower v0.5.3
      │       │   ├── reqwest v0.13.4 (*)
      │       │   └── tower-http v0.6.11
      │       │       └── reqwest v0.13.4 (*)
      │       ├── tower-http v0.6.11 (*)
      │       └── wasm-streams v0.5.0 (*)
      ├── glib-macros v0.18.5
      │   └── glib v0.18.5 (*)
      ├── gtk3-macros v0.18.2
      │   └── gtk v0.18.2 (*)
      ├── instability v0.3.10 (*)
      ├── jni-sys-macros v0.4.1
      │   └── jni-sys v0.4.1
      │       └── jni-sys v0.3.1
      │           ├── jni v0.21.1
      │           │   ├── tao v0.35.3 (*)
      │           │   ├── tauri v2.11.5 (*)
      │           │   ├── tauri-runtime v2.11.3 (*)
      │           │   ├── tauri-runtime-wry v2.11.4 (*)
      │           │   └── wry v0.55.1 (*)
      │           ├── ndk v0.9.0
      │           │   ├── softbuffer v0.4.8 (*)
      │           │   ├── tao v0.35.3 (*)
      │           │   └── wry v0.55.1 (*)
      │           └── ndk-sys v0.6.0+11769913
      │               ├── ndk v0.9.0 (*)
      │               └── tao v0.35.3 (*)
      ├── num_enum_derive v0.7.6
      │   └── num_enum v0.7.6
      │       └── ndk v0.9.0 (*)
      ├── phf_macros v0.13.1
      │   └── phf v0.13.1
      │       ├── cssparser v0.36.0 (*)
      │       ├── selectors v0.36.1 (*)
      │       ├── tauri-utils v2.9.3 (*)
      │       └── web_atoms v0.2.5
      │           └── markup5ever v0.38.0
      │               └── html5ever v0.38.0
      │                   └── dom_query v0.27.0 (*)
      ├── schemars_derive v0.8.22
      │   └── schemars v0.8.22
      │       ├── tauri-build v2.6.3 (*)
      │       └── tauri-utils v2.9.3 (*)
      ├── serde_derive_internals v0.29.1
      │   └── schemars_derive v0.8.22 (*)
      ├── serde_with_macros v3.21.0 (*)
      ├── serialize-to-javascript-impl v0.1.2
      │   └── serialize-to-javascript v0.1.2
      │       └── tauri v2.11.5 (*)
      ├── strum_macros v0.28.0
      │   └── strum v0.28.0
      │       ├── ratatui-core v0.1.2
      │       │   ├── ratatui v0.30.2 (*)
      │       │   ├── ratatui-crossterm v0.1.2 (*)
      │       │   ├── ratatui-macros v0.7.2 (*)
      │       │   └── ratatui-widgets v0.3.2 (*)
      │       └── ratatui-widgets v0.3.2 (*)
      ├── synstructure v0.13.2
      │   ├── yoke-derive v0.8.2
      │   │   └── yoke v0.8.3
      │   │       ├── icu_collections v2.2.0
      │   │       │   ├── icu_normalizer v2.2.0
      │   │       │   │   └── idna_adapter v1.2.2
      │   │       │   │       └── idna v1.1.0
      │   │       │   │           └── url v2.5.8
      │   │       │   │               ├── reqwest v0.13.4 (*)
      │   │       │   │               ├── schemars v0.8.22 (*)
      │   │       │   │               ├── tao v0.35.3 (*)
      │   │       │   │               ├── tauri v2.11.5 (*)
      │   │       │   │               ├── tauri-codegen v2.6.3 (*)
      │   │       │   │               ├── tauri-runtime v2.11.3 (*)
      │   │       │   │               ├── tauri-runtime-wry v2.11.4 (*)
      │   │       │   │               ├── tauri-utils v2.9.3 (*)
      │   │       │   │               ├── tower-http v0.6.11 (*)
      │   │       │   │               ├── urlpattern v0.3.0
      │   │       │   │               │   └── tauri-utils v2.9.3 (*)
      │   │       │   │               └── wry v0.55.1 (*)
      │   │       │   └── icu_properties v2.2.0
      │   │       │       └── idna_adapter v1.2.2 (*)
      │   │       ├── icu_provider v2.2.0
      │   │       │   ├── icu_normalizer v2.2.0 (*)
      │   │       │   └── icu_properties v2.2.0 (*)
      │   │       ├── zerotrie v0.2.4
      │   │       │   ├── icu_properties v2.2.0 (*)
      │   │       │   └── icu_provider v2.2.0 (*)
      │   │       └── zerovec v0.11.6
      │   │           ├── icu_collections v2.2.0 (*)
      │   │           ├── icu_locale_core v2.2.0
      │   │           │   ├── icu_properties v2.2.0 (*)
      │   │           │   └── icu_provider v2.2.0 (*)
      │   │           ├── icu_normalizer v2.2.0 (*)
      │   │           ├── icu_properties v2.2.0 (*)
      │   │           ├── icu_provider v2.2.0 (*)
      │   │           ├── potential_utf v0.1.5
      │   │           │   └── icu_collections v2.2.0 (*)
      │   │           └── tinystr v0.8.3
      │   │               └── icu_locale_core v2.2.0 (*)
      │   └── zerofrom-derive v0.1.7
      │       └── zerofrom v0.1.8
      │           ├── icu_collections v2.2.0 (*)
      │           ├── icu_provider v2.2.0 (*)
      │           ├── yoke v0.8.3 (*)
      │           ├── zerotrie v0.2.4 (*)
      │           └── zerovec v0.11.6 (*)
      ├── tao-macros v0.1.4
      │   ├── tao v0.35.3 (*)
      │   └── wry v0.55.1 (*)
      ├── tauri-codegen v2.6.3 (*)
      ├── tauri-macros v2.6.3 (*)
      ├── thiserror-impl v1.0.69
      │   └── thiserror v1.0.69
      │       ├── cairo-rs v0.18.5 (*)
      │       ├── gio v0.18.4 (*)
      │       ├── glib v0.18.5 (*)
      │       ├── jni v0.21.1 (*)
      │       ├── json-patch v3.0.1
      │       │   ├── tauri-build v2.6.3 (*)
      │       │   ├── tauri-codegen v2.6.3 (*)
      │       │   └── tauri-utils v2.9.3 (*)
      │       └── ndk v0.9.0 (*)
      ├── tracing-attributes v0.1.31
      │   └── tracing v0.1.44
      │       ├── devsweep-core v0.3.0 (*)
      │       ├── hyper-util v0.1.20 (*)
      │       └── softbuffer v0.4.8 (*)
      ├── wasm-bindgen-macro-support v0.2.126
      │   └── wasm-bindgen-macro v0.2.126
      │       └── wasm-bindgen v0.2.126
      │           ├── iana-time-zone v0.1.65 (*)
      │           ├── js-sys v0.3.103 (*)
      │           ├── reqwest v0.13.4 (*)
      │           ├── softbuffer v0.4.8 (*)
      │           ├── wasm-bindgen-futures v0.4.76 (*)
      │           ├── wasm-streams v0.5.0 (*)
      │           └── web-sys v0.3.103 (*)
      ├── webview2-com-macros v0.8.1
      │   └── webview2-com v0.38.2
      │       ├── tauri v2.11.5 (*)
      │       ├── tauri-runtime v2.11.3 (*)
      │       ├── tauri-runtime-wry v2.11.4 (*)
      │       └── wry v0.55.1 (*)
      ├── windows-implement v0.56.0
      │   └── windows-core v0.56.0
      │       └── windows v0.56.0
      │           ├── devsweep-core v0.3.0 (*)
      │           └── trash v5.2.6 (*)
      ├── windows-implement v0.60.2
      │   ├── webview2-com v0.38.2 (*)
      │   ├── windows-core v0.61.2
      │   │   ├── tao v0.35.3 (*)
      │   │   ├── webview2-com v0.38.2 (*)
      │   │   ├── webview2-com-sys v0.38.2
      │   │   │   └── webview2-com v0.38.2 (*)
      │   │   ├── windows v0.61.3
      │   │   │   ├── tao v0.35.3 (*)
      │   │   │   ├── tauri v2.11.5 (*)
      │   │   │   ├── tauri-runtime v2.11.3 (*)
      │   │   │   ├── tauri-runtime-wry v2.11.4 (*)
      │   │   │   ├── webview2-com v0.38.2 (*)
      │   │   │   ├── webview2-com-sys v0.38.2 (*)
      │   │   │   └── wry v0.55.1 (*)
      │   │   ├── windows-collections v0.2.0
      │   │   │   └── windows v0.61.3 (*)
      │   │   ├── windows-future v0.2.1
      │   │   │   └── windows v0.61.3 (*)
      │   │   ├── windows-numerics v0.2.0
      │   │   │   └── windows v0.61.3 (*)
      │   │   └── wry v0.55.1 (*)
      │   └── windows-core v0.62.2
      │       └── iana-time-zone v0.1.65 (*)
      ├── windows-interface v0.56.0
      │   └── windows-core v0.56.0 (*)
      ├── windows-interface v0.59.3
      │   ├── webview2-com v0.38.2 (*)
      │   ├── windows-core v0.61.2 (*)
      │   └── windows-core v0.62.2 (*)
      ├── yoke-derive v0.8.2 (*)
      ├── zerofrom-derive v0.1.7 (*)
      └── zerovec-derive v0.11.3
          └── zerovec v0.11.6 (*)
    ├ syn v3.0.3
      ├── clap_derive v4.6.4
      │   └── clap v4.6.4
      │       └── devsweep-cli v0.3.0
      ├── displaydoc v0.2.7
      │   ├── icu_collections v2.2.0
      │   │   ├── icu_normalizer v2.2.0
      │   │   │   └── idna_adapter v1.2.2
      │   │   │       └── idna v1.1.0
      │   │   │           └── url v2.5.8
      │   │   │               ├── reqwest v0.13.4
      │   │   │               │   └── tauri v2.11.5
      │   │   │               │       └── devsweep-desktop v0.3.0
      │   │   │               ├── schemars v0.8.22
      │   │   │               │   ├── tauri-build v2.6.3
      │   │   │               │   │   ├── (build) devsweep-desktop v0.3.0 (*)
      │   │   │               │   │   └── (build) tauri v2.11.5 (*)
      │   │   │               │   └── tauri-utils v2.9.3
      │   │   │               │       ├── tauri v2.11.5 (*)
      │   │   │               │       ├── tauri-build v2.6.3 (*)
      │   │   │               │       ├── tauri-codegen v2.6.3
      │   │   │               │       │   └── tauri-macros v2.6.3
      │   │   │               │       │       └── tauri v2.11.5 (*)
      │   │   │               │       ├── tauri-macros v2.6.3 (*)
      │   │   │               │       ├── tauri-runtime v2.11.3
      │   │   │               │       │   ├── tauri v2.11.5 (*)
      │   │   │               │       │   └── tauri-runtime-wry v2.11.4
      │   │   │               │       │       └── tauri v2.11.5 (*)
      │   │   │               │       └── tauri-runtime-wry v2.11.4 (*)
      │   │   │               ├── tao v0.35.3
      │   │   │               │   └── tauri-runtime-wry v2.11.4 (*)
      │   │   │               ├── tauri v2.11.5 (*)
      │   │   │               ├── tauri-codegen v2.6.3 (*)
      │   │   │               ├── tauri-runtime v2.11.3 (*)
      │   │   │               ├── tauri-runtime-wry v2.11.4 (*)
      │   │   │               ├── tauri-utils v2.9.3 (*)
      │   │   │               ├── tower-http v0.6.11
      │   │   │               │   └── reqwest v0.13.4 (*)
      │   │   │               ├── urlpattern v0.3.0
      │   │   │               │   └── tauri-utils v2.9.3 (*)
      │   │   │               └── wry v0.55.1
      │   │   │                   └── tauri-runtime-wry v2.11.4 (*)
      │   │   └── icu_properties v2.2.0
      │   │       └── idna_adapter v1.2.2 (*)
      │   ├── icu_locale_core v2.2.0
      │   │   ├── icu_properties v2.2.0 (*)
      │   │   └── icu_provider v2.2.0
      │   │       ├── icu_normalizer v2.2.0 (*)
      │   │       └── icu_properties v2.2.0 (*)
      │   ├── icu_provider v2.2.0 (*)
      │   ├── tinystr v0.8.3
      │   │   └── icu_locale_core v2.2.0 (*)
      │   └── zerotrie v0.2.4
      │       ├── icu_properties v2.2.0 (*)
      │       └── icu_provider v2.2.0 (*)
      ├── foreign-types-macros v0.2.4
      │   └── foreign-types v0.5.0
      │       └── core-graphics v0.25.0
      │           └── tao v0.35.3 (*)
      ├── serde_derive v1.0.229
      │   ├── serde v1.0.229
      │   │   ├── bytes v1.12.1
      │   │   │   ├── combine v4.6.7
      │   │   │   │   └── jni v0.21.1
      │   │   │   │       ├── tao v0.35.3 (*)
      │   │   │   │       ├── tauri v2.11.5 (*)
      │   │   │   │       ├── tauri-runtime v2.11.3 (*)
      │   │   │   │       ├── tauri-runtime-wry v2.11.4 (*)
      │   │   │   │       └── wry v0.55.1 (*)
      │   │   │   ├── http v1.5.0
      │   │   │   │   ├── http-body v1.1.0
      │   │   │   │   │   ├── http-body-util v0.1.4
      │   │   │   │   │   │   └── reqwest v0.13.4 (*)
      │   │   │   │   │   ├── hyper v1.11.0
      │   │   │   │   │   │   ├── hyper-util v0.1.20
      │   │   │   │   │   │   │   └── reqwest v0.13.4 (*)
      │   │   │   │   │   │   └── reqwest v0.13.4 (*)
      │   │   │   │   │   ├── hyper-util v0.1.20 (*)
      │   │   │   │   │   ├── reqwest v0.13.4 (*)
      │   │   │   │   │   └── tower-http v0.6.11 (*)
      │   │   │   │   ├── http-body-util v0.1.4 (*)
      │   │   │   │   ├── hyper v1.11.0 (*)
      │   │   │   │   ├── hyper-util v0.1.20 (*)
      │   │   │   │   ├── reqwest v0.13.4 (*)
      │   │   │   │   ├── tauri v2.11.5 (*)
      │   │   │   │   ├── tauri-runtime v2.11.3 (*)
      │   │   │   │   ├── tauri-runtime-wry v2.11.4 (*)
      │   │   │   │   ├── tauri-utils v2.9.3 (*)
      │   │   │   │   ├── tower-http v0.6.11 (*)
      │   │   │   │   └── wry v0.55.1 (*)
      │   │   │   ├── http-body v1.1.0 (*)
      │   │   │   ├── http-body-util v0.1.4 (*)
      │   │   │   ├── hyper v1.11.0 (*)
      │   │   │   ├── hyper-util v0.1.20 (*)
      │   │   │   ├── reqwest v0.13.4 (*)
      │   │   │   ├── tauri v2.11.5 (*)
      │   │   │   ├── tokio v1.53.1
      │   │   │   │   ├── hyper v1.11.0 (*)
      │   │   │   │   ├── hyper-util v0.1.20 (*)
      │   │   │   │   ├── reqwest v0.13.4 (*)
      │   │   │   │   ├── tauri v2.11.5 (*)
      │   │   │   │   ├── tokio-util v0.7.19
      │   │   │   │   │   └── reqwest v0.13.4 (*)
      │   │   │   │   └── tower v0.5.3
      │   │   │   │       ├── reqwest v0.13.4 (*)
      │   │   │   │       └── tower-http v0.6.11 (*)
      │   │   │   ├── tokio-util v0.7.19 (*)
      │   │   │   └── tower-http v0.6.11 (*)
      │   │   ├── cargo-platform v0.1.9
      │   │   │   └── cargo_metadata v0.19.2
      │   │   │       └── tauri-utils v2.9.3 (*)
      │   │   ├── cargo_metadata v0.19.2 (*)
      │   │   ├── cargo_toml v0.22.3
      │   │   │   └── tauri-build v2.6.3 (*)
      │   │   ├── devsweep-core v0.3.0
      │   │   │   ├── devsweep-cli v0.3.0 (*)
      │   │   │   └── devsweep-desktop v0.3.0 (*)
      │   │   ├── devsweep-desktop v0.3.0 (*)
      │   │   ├── dpi v0.1.2
      │   │   │   ├── muda v0.19.3
      │   │   │   │   └── tauri v2.11.5 (*)
      │   │   │   ├── tao v0.35.3 (*)
      │   │   │   ├── tauri-runtime v2.11.3 (*)
      │   │   │   └── wry v0.55.1 (*)
      │   │   ├── indexmap v1.9.3
      │   │   │   └── schemars v0.8.22 (*)
      │   │   ├── json-patch v3.0.1
      │   │   │   ├── tauri-build v2.6.3 (*)
      │   │   │   ├── tauri-codegen v2.6.3 (*)
      │   │   │   └── tauri-utils v2.9.3 (*)
      │   │   ├── jsonptr v0.6.3
      │   │   │   └── json-patch v3.0.1 (*)
      │   │   ├── keyboard-types v0.7.0
      │   │   │   └── muda v0.19.3 (*)
      │   │   ├── muda v0.19.3 (*)
      │   │   ├── plist v1.10.0
      │   │   │   ├── tauri v2.11.5 (*)
      │   │   │   ├── tauri-codegen v2.6.3 (*)
      │   │   │   └── tauri-utils v2.9.3 (*)
      │   │   ├── reqwest v0.13.4 (*)
      │   │   ├── schemars v0.8.22 (*)
      │   │   ├── serde_spanned v0.6.9
      │   │   │   ├── toml v0.8.2
      │   │   │   │   └── system-deps v6.2.2
      │   │   │   │       ├── (build) atk-sys v0.18.2
      │   │   │   │       │   ├── atk v0.18.2
      │   │   │   │       │   │   └── gtk v0.18.2
      │   │   │   │       │   │       ├── muda v0.19.3 (*)
      │   │   │   │       │   │       ├── tao v0.35.3 (*)
      │   │   │   │       │   │       ├── tauri v2.11.5 (*)
      │   │   │   │       │   │       ├── tauri-runtime v2.11.3 (*)
      │   │   │   │       │   │       ├── tauri-runtime-wry v2.11.4 (*)
      │   │   │   │       │   │       ├── webkit2gtk v2.0.2
      │   │   │   │       │   │       │   ├── tauri v2.11.5 (*)
      │   │   │   │       │   │       │   ├── tauri-runtime v2.11.3 (*)
      │   │   │   │       │   │       │   ├── tauri-runtime-wry v2.11.4 (*)
      │   │   │   │       │   │       │   └── wry v0.55.1 (*)
      │   │   │   │       │   │       └── wry v0.55.1 (*)
      │   │   │   │       │   └── gtk-sys v0.18.2
      │   │   │   │       │       ├── gtk v0.18.2 (*)
      │   │   │   │       │       ├── webkit2gtk v2.0.2 (*)
      │   │   │   │       │       └── webkit2gtk-sys v2.0.2
      │   │   │   │       │           ├── webkit2gtk v2.0.2 (*)
      │   │   │   │       │           └── wry v0.55.1 (*)
      │   │   │   │       ├── (build) cairo-sys-rs v0.18.2
      │   │   │   │       │   ├── cairo-rs v0.18.5
      │   │   │   │       │   │   ├── gdk v0.18.2
      │   │   │   │       │   │   │   ├── gdkx11 v0.18.2
      │   │   │   │       │   │   │   │   └── wry v0.55.1 (*)
      │   │   │   │       │   │   │   ├── gtk v0.18.2 (*)
      │   │   │   │       │   │   │   └── webkit2gtk v2.0.2 (*)
      │   │   │   │       │   │   ├── gtk v0.18.2 (*)
      │   │   │   │       │   │   └── webkit2gtk v2.0.2 (*)
      │   │   │   │       │   ├── gdk-sys v0.18.2
      │   │   │   │       │   │   ├── gdk v0.18.2 (*)
      │   │   │   │       │   │   ├── gdkwayland-sys v0.18.2
      │   │   │   │       │   │   │   └── tao v0.35.3 (*)
      │   │   │   │       │   │   ├── gdkx11-sys v0.18.2
      │   │   │   │       │   │   │   ├── gdkx11 v0.18.2 (*)
      │   │   │   │       │   │   │   └── tao v0.35.3 (*)
      │   │   │   │       │   │   ├── gtk-sys v0.18.2 (*)
      │   │   │   │       │   │   ├── webkit2gtk v2.0.2 (*)
      │   │   │   │       │   │   └── webkit2gtk-sys v2.0.2 (*)
      │   │   │   │       │   ├── gtk-sys v0.18.2 (*)
      │   │   │   │       │   └── webkit2gtk-sys v2.0.2 (*)
      │   │   │   │       ├── (build) gdk-pixbuf-sys v0.18.0
      │   │   │   │       │   ├── gdk-pixbuf v0.18.5
      │   │   │   │       │   │   ├── gdk v0.18.2 (*)
      │   │   │   │       │   │   └── gtk v0.18.2 (*)
      │   │   │   │       │   ├── gdk-sys v0.18.2 (*)
      │   │   │   │       │   └── gtk-sys v0.18.2 (*)
      │   │   │   │       ├── (build) gdk-sys v0.18.2 (*)
      │   │   │   │       ├── (build) gdkwayland-sys v0.18.2 (*)
      │   │   │   │       ├── (build) gdkx11-sys v0.18.2 (*)
      │   │   │   │       ├── (build) gio-sys v0.18.1
      │   │   │   │       │   ├── gdk-pixbuf-sys v0.18.0 (*)
      │   │   │   │       │   ├── gdk-sys v0.18.2 (*)
      │   │   │   │       │   ├── gio v0.18.4
      │   │   │   │       │   │   ├── gdk v0.18.2 (*)
      │   │   │   │       │   │   ├── gdk-pixbuf v0.18.5 (*)
      │   │   │   │       │   │   ├── gdkx11 v0.18.2 (*)
      │   │   │   │       │   │   ├── gtk v0.18.2 (*)
      │   │   │   │       │   │   ├── pango v0.18.3
      │   │   │   │       │   │   │   ├── gdk v0.18.2 (*)
      │   │   │   │       │   │   │   └── gtk v0.18.2 (*)
      │   │   │   │       │   │   ├── soup3 v0.5.0
      │   │   │   │       │   │   │   ├── webkit2gtk v2.0.2 (*)
      │   │   │   │       │   │   │   └── wry v0.55.1 (*)
      │   │   │   │       │   │   └── webkit2gtk v2.0.2 (*)
      │   │   │   │       │   ├── glib v0.18.5
      │   │   │   │       │   │   ├── atk v0.18.2 (*)
      │   │   │   │       │   │   ├── cairo-rs v0.18.5 (*)
      │   │   │   │       │   │   ├── gdk v0.18.2 (*)
      │   │   │   │       │   │   ├── gdk-pixbuf v0.18.5 (*)
      │   │   │   │       │   │   ├── gdkx11 v0.18.2 (*)
      │   │   │   │       │   │   ├── gio v0.18.4 (*)
      │   │   │   │       │   │   ├── gtk v0.18.2 (*)
      │   │   │   │       │   │   ├── javascriptcore-rs v1.1.2
      │   │   │   │       │   │   │   ├── webkit2gtk v2.0.2 (*)
      │   │   │   │       │   │   │   └── wry v0.55.1 (*)
      │   │   │   │       │   │   ├── pango v0.18.3 (*)
      │   │   │   │       │   │   ├── soup3 v0.5.0 (*)
      │   │   │   │       │   │   └── webkit2gtk v2.0.2 (*)
      │   │   │   │       │   ├── gtk-sys v0.18.2 (*)
      │   │   │   │       │   ├── soup3-sys v0.5.0
      │   │   │   │       │   │   ├── soup3 v0.5.0 (*)
      │   │   │   │       │   │   └── webkit2gtk-sys v2.0.2 (*)
      │   │   │   │       │   ├── webkit2gtk v2.0.2 (*)
      │   │   │   │       │   └── webkit2gtk-sys v2.0.2 (*)
      │   │   │   │       ├── (build) glib-sys v0.18.1
      │   │   │   │       │   ├── atk-sys v0.18.2 (*)
      │   │   │   │       │   ├── cairo-sys-rs v0.18.2 (*)
      │   │   │   │       │   ├── gdk-pixbuf-sys v0.18.0 (*)
      │   │   │   │       │   ├── gdk-sys v0.18.2 (*)
      │   │   │   │       │   ├── gdkwayland-sys v0.18.2 (*)
      │   │   │   │       │   ├── gdkx11-sys v0.18.2 (*)
      │   │   │   │       │   ├── gio-sys v0.18.1 (*)
      │   │   │   │       │   ├── glib v0.18.5 (*)
      │   │   │   │       │   ├── gobject-sys v0.18.0
      │   │   │   │       │   │   ├── atk-sys v0.18.2 (*)
      │   │   │   │       │   │   ├── gdk-pixbuf-sys v0.18.0 (*)
      │   │   │   │       │   │   ├── gdk-sys v0.18.2 (*)
      │   │   │   │       │   │   ├── gdkwayland-sys v0.18.2 (*)
      │   │   │   │       │   │   ├── gio-sys v0.18.1 (*)
      │   │   │   │       │   │   ├── glib v0.18.5 (*)
      │   │   │   │       │   │   ├── gtk-sys v0.18.2 (*)
      │   │   │   │       │   │   ├── javascriptcore-rs-sys v1.1.1
      │   │   │   │       │   │   │   ├── javascriptcore-rs v1.1.2 (*)
      │   │   │   │       │   │   │   └── webkit2gtk-sys v2.0.2 (*)
      │   │   │   │       │   │   ├── pango-sys v0.18.0
      │   │   │   │       │   │   │   ├── gdk-sys v0.18.2 (*)
      │   │   │   │       │   │   │   ├── gtk-sys v0.18.2 (*)
      │   │   │   │       │   │   │   └── pango v0.18.3 (*)
      │   │   │   │       │   │   ├── soup3-sys v0.5.0 (*)
      │   │   │   │       │   │   ├── webkit2gtk v2.0.2 (*)
      │   │   │   │       │   │   └── webkit2gtk-sys v2.0.2 (*)
      │   │   │   │       │   ├── gtk-sys v0.18.2 (*)
      │   │   │   │       │   ├── javascriptcore-rs-sys v1.1.1 (*)
      │   │   │   │       │   ├── pango-sys v0.18.0 (*)
      │   │   │   │       │   ├── soup3-sys v0.5.0 (*)
      │   │   │   │       │   ├── webkit2gtk v2.0.2 (*)
      │   │   │   │       │   └── webkit2gtk-sys v2.0.2 (*)
      │   │   │   │       ├── (build) gobject-sys v0.18.0 (*)
      │   │   │   │       ├── (build) gtk-sys v0.18.2 (*)
      │   │   │   │       ├── (build) javascriptcore-rs-sys v1.1.1 (*)
      │   │   │   │       ├── (build) pango-sys v0.18.0 (*)
      │   │   │   │       ├── (build) soup3-sys v0.5.0 (*)
      │   │   │   │       └── (build) webkit2gtk-sys v2.0.2 (*)
      │   │   │   └── toml_edit v0.20.2
      │   │   │       ├── proc-macro-crate v2.0.2
      │   │   │       │   └── glib-macros v0.18.5
      │   │   │       │       └── glib v0.18.5 (*)
      │   │   │       └── toml v0.8.2 (*)
      │   │   ├── serialize-to-javascript v0.1.2
      │   │   │   └── tauri v2.11.5 (*)
      │   │   ├── swift-rs v1.0.7
      │   │   │   ├── tauri v2.11.5 (*)
      │   │   │   └── tauri-utils v2.9.3 (*)
      │   │   ├── tauri v2.11.5 (*)
      │   │   ├── tauri-build v2.6.3 (*)
      │   │   ├── tauri-codegen v2.6.3 (*)
      │   │   ├── tauri-runtime v2.11.3 (*)
      │   │   ├── tauri-utils v2.9.3 (*)
      │   │   ├── toml v0.8.2 (*)
      │   │   ├── toml_datetime v0.6.3
      │   │   │   ├── proc-macro-crate v2.0.2 (*)
      │   │   │   ├── toml v0.8.2 (*)
      │   │   │   ├── toml_edit v0.19.15
      │   │   │   │   └── proc-macro-crate v1.3.1
      │   │   │   │       └── gtk3-macros v0.18.2
      │   │   │   │           └── gtk v0.18.2 (*)
      │   │   │   └── toml_edit v0.20.2 (*)
      │   │   ├── toml_edit v0.20.2 (*)
      │   │   ├── url v2.5.8 (*)
      │   │   └── urlpattern v0.3.0 (*)
      │   └── url v2.5.8 (*)
      ├── serde_repr v0.1.21
      │   └── tauri v2.11.5 (*)
      └── thiserror-impl v2.0.19
          └── thiserror v2.0.19
              ├── cargo_metadata v0.19.2 (*)
              ├── kasuari v0.4.12
              │   └── ratatui-core v0.1.2
              │       ├── ratatui v0.30.2
              │       │   └── devsweep-cli v0.3.0 (*)
              │       ├── ratatui-crossterm v0.1.2
              │       │   └── ratatui v0.30.2 (*)
              │       ├── ratatui-macros v0.7.2
              │       │   └── ratatui v0.30.2 (*)
              │       └── ratatui-widgets v0.3.2
              │           ├── ratatui v0.30.2 (*)
              │           └── ratatui-macros v0.7.2 (*)
              ├── muda v0.19.3 (*)
              ├── ratatui-core v0.1.2 (*)
              ├── redox_users v0.5.2
              │   └── dirs-sys v0.5.0
              │       └── dirs v6.0.0
              │           ├── tauri v2.11.5 (*)
              │           ├── tauri-build v2.6.3 (*)
              │           └── wry v0.55.1 (*)
              ├── tauri v2.11.5 (*)
              ├── tauri-codegen v2.6.3 (*)
              ├── tauri-runtime v2.11.3 (*)
              ├── tauri-utils v2.9.3 (*)
              ├── (build) webview2-com-sys v0.38.2
              │   └── webview2-com v0.38.2
              │       ├── tauri v2.11.5 (*)
              │       ├── tauri-runtime v2.11.3 (*)
              │       ├── tauri-runtime-wry v2.11.4 (*)
              │       └── wry v0.55.1 (*)
              └── wry v0.55.1 (*)

warning[duplicate]: found 2 duplicate entries for crate 'thiserror'
    ┌─ D:\Documents\Code\Rust\Exp\devsweep/Cargo.lock:343:1
    │  
343 │ ╭ thiserror 1.0.69 registry+https://github.com/rust-lang/crates.io-index
344 │ │ thiserror 2.0.19 registry+https://github.com/rust-lang/crates.io-index
    │ ╰──────────────────────────────────────────────────────────────────────┘ lock entries
    │  
    ├ thiserror v1.0.69
      ├── cairo-rs v0.18.5
      │   ├── gdk v0.18.2
      │   │   ├── gdkx11 v0.18.2
      │   │   │   └── wry v0.55.1
      │   │   │       └── tauri-runtime-wry v2.11.4
      │   │   │           └── tauri v2.11.5
      │   │   │               └── devsweep-desktop v0.3.0
      │   │   ├── gtk v0.18.2
      │   │   │   ├── muda v0.19.3
      │   │   │   │   └── tauri v2.11.5 (*)
      │   │   │   ├── tao v0.35.3
      │   │   │   │   └── tauri-runtime-wry v2.11.4 (*)
      │   │   │   ├── tauri v2.11.5 (*)
      │   │   │   ├── tauri-runtime v2.11.3
      │   │   │   │   ├── tauri v2.11.5 (*)
      │   │   │   │   └── tauri-runtime-wry v2.11.4 (*)
      │   │   │   ├── tauri-runtime-wry v2.11.4 (*)
      │   │   │   ├── webkit2gtk v2.0.2
      │   │   │   │   ├── tauri v2.11.5 (*)
      │   │   │   │   ├── tauri-runtime v2.11.3 (*)
      │   │   │   │   ├── tauri-runtime-wry v2.11.4 (*)
      │   │   │   │   └── wry v0.55.1 (*)
      │   │   │   └── wry v0.55.1 (*)
      │   │   └── webkit2gtk v2.0.2 (*)
      │   ├── gtk v0.18.2 (*)
      │   └── webkit2gtk v2.0.2 (*)
      ├── gio v0.18.4
      │   ├── gdk v0.18.2 (*)
      │   ├── gdk-pixbuf v0.18.5
      │   │   ├── gdk v0.18.2 (*)
      │   │   └── gtk v0.18.2 (*)
      │   ├── gdkx11 v0.18.2 (*)
      │   ├── gtk v0.18.2 (*)
      │   ├── pango v0.18.3
      │   │   ├── gdk v0.18.2 (*)
      │   │   └── gtk v0.18.2 (*)
      │   ├── soup3 v0.5.0
      │   │   ├── webkit2gtk v2.0.2 (*)
      │   │   └── wry v0.55.1 (*)
      │   └── webkit2gtk v2.0.2 (*)
      ├── glib v0.18.5
      │   ├── atk v0.18.2
      │   │   └── gtk v0.18.2 (*)
      │   ├── cairo-rs v0.18.5 (*)
      │   ├── gdk v0.18.2 (*)
      │   ├── gdk-pixbuf v0.18.5 (*)
      │   ├── gdkx11 v0.18.2 (*)
      │   ├── gio v0.18.4 (*)
      │   ├── gtk v0.18.2 (*)
      │   ├── javascriptcore-rs v1.1.2
      │   │   ├── webkit2gtk v2.0.2 (*)
      │   │   └── wry v0.55.1 (*)
      │   ├── pango v0.18.3 (*)
      │   ├── soup3 v0.5.0 (*)
      │   └── webkit2gtk v2.0.2 (*)
      ├── jni v0.21.1
      │   ├── tao v0.35.3 (*)
      │   ├── tauri v2.11.5 (*)
      │   ├── tauri-runtime v2.11.3 (*)
      │   ├── tauri-runtime-wry v2.11.4 (*)
      │   └── wry v0.55.1 (*)
      ├── json-patch v3.0.1
      │   ├── tauri-build v2.6.3
      │   │   ├── (build) devsweep-desktop v0.3.0 (*)
      │   │   └── (build) tauri v2.11.5 (*)
      │   ├── tauri-codegen v2.6.3
      │   │   └── tauri-macros v2.6.3
      │   │       └── tauri v2.11.5 (*)
      │   └── tauri-utils v2.9.3
      │       ├── tauri v2.11.5 (*)
      │       ├── tauri-build v2.6.3 (*)
      │       ├── tauri-codegen v2.6.3 (*)
      │       ├── tauri-macros v2.6.3 (*)
      │       ├── tauri-runtime v2.11.3 (*)
      │       └── tauri-runtime-wry v2.11.4 (*)
      └── ndk v0.9.0
          ├── softbuffer v0.4.8
          │   └── tauri-runtime-wry v2.11.4 (*)
          ├── tao v0.35.3 (*)
          └── wry v0.55.1 (*)
    ├ thiserror v2.0.19
      ├── cargo_metadata v0.19.2
      │   └── tauri-utils v2.9.3
      │       ├── tauri v2.11.5
      │       │   └── devsweep-desktop v0.3.0
      │       ├── tauri-build v2.6.3
      │       │   ├── (build) devsweep-desktop v0.3.0 (*)
      │       │   └── (build) tauri v2.11.5 (*)
      │       ├── tauri-codegen v2.6.3
      │       │   └── tauri-macros v2.6.3
      │       │       └── tauri v2.11.5 (*)
      │       ├── tauri-macros v2.6.3 (*)
      │       ├── tauri-runtime v2.11.3
      │       │   ├── tauri v2.11.5 (*)
      │       │   └── tauri-runtime-wry v2.11.4
      │       │       └── tauri v2.11.5 (*)
      │       └── tauri-runtime-wry v2.11.4 (*)
      ├── kasuari v0.4.12
      │   └── ratatui-core v0.1.2
      │       ├── ratatui v0.30.2
      │       │   └── devsweep-cli v0.3.0
      │       ├── ratatui-crossterm v0.1.2
      │       │   └── ratatui v0.30.2 (*)
      │       ├── ratatui-macros v0.7.2
      │       │   └── ratatui v0.30.2 (*)
      │       └── ratatui-widgets v0.3.2
      │           ├── ratatui v0.30.2 (*)
      │           └── ratatui-macros v0.7.2 (*)
      ├── muda v0.19.3
      │   └── tauri v2.11.5 (*)
      ├── ratatui-core v0.1.2 (*)
      ├── redox_users v0.5.2
      │   └── dirs-sys v0.5.0
      │       └── dirs v6.0.0
      │           ├── tauri v2.11.5 (*)
      │           ├── tauri-build v2.6.3 (*)
      │           └── wry v0.55.1
      │               └── tauri-runtime-wry v2.11.4 (*)
      ├── tauri v2.11.5 (*)
      ├── tauri-codegen v2.6.3 (*)
      ├── tauri-runtime v2.11.3 (*)
      ├── tauri-utils v2.9.3 (*)
      ├── (build) webview2-com-sys v0.38.2
      │   └── webview2-com v0.38.2
      │       ├── tauri v2.11.5 (*)
      │       ├── tauri-runtime v2.11.3 (*)
      │       ├── tauri-runtime-wry v2.11.4 (*)
      │       └── wry v0.55.1 (*)
      └── wry v0.55.1 (*)

warning[duplicate]: found 2 duplicate entries for crate 'thiserror-impl'
    ┌─ D:\Documents\Code\Rust\Exp\devsweep/Cargo.lock:345:1
    │  
345 │ ╭ thiserror-impl 1.0.69 registry+https://github.com/rust-lang/crates.io-index
346 │ │ thiserror-impl 2.0.19 registry+https://github.com/rust-lang/crates.io-index
    │ ╰───────────────────────────────────────────────────────────────────────────┘ lock entries
    │  
    ├ thiserror-impl v1.0.69
      └── thiserror v1.0.69
          ├── cairo-rs v0.18.5
          │   ├── gdk v0.18.2
          │   │   ├── gdkx11 v0.18.2
          │   │   │   └── wry v0.55.1
          │   │   │       └── tauri-runtime-wry v2.11.4
          │   │   │           └── tauri v2.11.5
          │   │   │               └── devsweep-desktop v0.3.0
          │   │   ├── gtk v0.18.2
          │   │   │   ├── muda v0.19.3
          │   │   │   │   └── tauri v2.11.5 (*)
          │   │   │   ├── tao v0.35.3
          │   │   │   │   └── tauri-runtime-wry v2.11.4 (*)
          │   │   │   ├── tauri v2.11.5 (*)
          │   │   │   ├── tauri-runtime v2.11.3
          │   │   │   │   ├── tauri v2.11.5 (*)
          │   │   │   │   └── tauri-runtime-wry v2.11.4 (*)
          │   │   │   ├── tauri-runtime-wry v2.11.4 (*)
          │   │   │   ├── webkit2gtk v2.0.2
          │   │   │   │   ├── tauri v2.11.5 (*)
          │   │   │   │   ├── tauri-runtime v2.11.3 (*)
          │   │   │   │   ├── tauri-runtime-wry v2.11.4 (*)
          │   │   │   │   └── wry v0.55.1 (*)
          │   │   │   └── wry v0.55.1 (*)
          │   │   └── webkit2gtk v2.0.2 (*)
          │   ├── gtk v0.18.2 (*)
          │   └── webkit2gtk v2.0.2 (*)
          ├── gio v0.18.4
          │   ├── gdk v0.18.2 (*)
          │   ├── gdk-pixbuf v0.18.5
          │   │   ├── gdk v0.18.2 (*)
          │   │   └── gtk v0.18.2 (*)
          │   ├── gdkx11 v0.18.2 (*)
          │   ├── gtk v0.18.2 (*)
          │   ├── pango v0.18.3
          │   │   ├── gdk v0.18.2 (*)
          │   │   └── gtk v0.18.2 (*)
          │   ├── soup3 v0.5.0
          │   │   ├── webkit2gtk v2.0.2 (*)
          │   │   └── wry v0.55.1 (*)
          │   └── webkit2gtk v2.0.2 (*)
          ├── glib v0.18.5
          │   ├── atk v0.18.2
          │   │   └── gtk v0.18.2 (*)
          │   ├── cairo-rs v0.18.5 (*)
          │   ├── gdk v0.18.2 (*)
          │   ├── gdk-pixbuf v0.18.5 (*)
          │   ├── gdkx11 v0.18.2 (*)
          │   ├── gio v0.18.4 (*)
          │   ├── gtk v0.18.2 (*)
          │   ├── javascriptcore-rs v1.1.2
          │   │   ├── webkit2gtk v2.0.2 (*)
          │   │   └── wry v0.55.1 (*)
          │   ├── pango v0.18.3 (*)
          │   ├── soup3 v0.5.0 (*)
          │   └── webkit2gtk v2.0.2 (*)
          ├── jni v0.21.1
          │   ├── tao v0.35.3 (*)
          │   ├── tauri v2.11.5 (*)
          │   ├── tauri-runtime v2.11.3 (*)
          │   ├── tauri-runtime-wry v2.11.4 (*)
          │   └── wry v0.55.1 (*)
          ├── json-patch v3.0.1
          │   ├── tauri-build v2.6.3
          │   │   ├── (build) devsweep-desktop v0.3.0 (*)
          │   │   └── (build) tauri v2.11.5 (*)
          │   ├── tauri-codegen v2.6.3
          │   │   └── tauri-macros v2.6.3
          │   │       └── tauri v2.11.5 (*)
          │   └── tauri-utils v2.9.3
          │       ├── tauri v2.11.5 (*)
          │       ├── tauri-build v2.6.3 (*)
          │       ├── tauri-codegen v2.6.3 (*)
          │       ├── tauri-macros v2.6.3 (*)
          │       ├── tauri-runtime v2.11.3 (*)
          │       └── tauri-runtime-wry v2.11.4 (*)
          └── ndk v0.9.0
              ├── softbuffer v0.4.8
              │   └── tauri-runtime-wry v2.11.4 (*)
              ├── tao v0.35.3 (*)
              └── wry v0.55.1 (*)
    ├ thiserror-impl v2.0.19
      └── thiserror v2.0.19
          ├── cargo_metadata v0.19.2
          │   └── tauri-utils v2.9.3
          │       ├── tauri v2.11.5
          │       │   └── devsweep-desktop v0.3.0
          │       ├── tauri-build v2.6.3
          │       │   ├── (build) devsweep-desktop v0.3.0 (*)
          │       │   └── (build) tauri v2.11.5 (*)
          │       ├── tauri-codegen v2.6.3
          │       │   └── tauri-macros v2.6.3
          │       │       └── tauri v2.11.5 (*)
          │       ├── tauri-macros v2.6.3 (*)
          │       ├── tauri-runtime v2.11.3
          │       │   ├── tauri v2.11.5 (*)
          │       │   └── tauri-runtime-wry v2.11.4
          │       │       └── tauri v2.11.5 (*)
          │       └── tauri-runtime-wry v2.11.4 (*)
          ├── kasuari v0.4.12
          │   └── ratatui-core v0.1.2
          │       ├── ratatui v0.30.2
          │       │   └── devsweep-cli v0.3.0
          │       ├── ratatui-crossterm v0.1.2
          │       │   └── ratatui v0.30.2 (*)
          │       ├── ratatui-macros v0.7.2
          │       │   └── ratatui v0.30.2 (*)
          │       └── ratatui-widgets v0.3.2
          │           ├── ratatui v0.30.2 (*)
          │           └── ratatui-macros v0.7.2 (*)
          ├── muda v0.19.3
          │   └── tauri v2.11.5 (*)
          ├── ratatui-core v0.1.2 (*)
          ├── redox_users v0.5.2
          │   └── dirs-sys v0.5.0
          │       └── dirs v6.0.0
          │           ├── tauri v2.11.5 (*)
          │           ├── tauri-build v2.6.3 (*)
          │           └── wry v0.55.1
          │               └── tauri-runtime-wry v2.11.4 (*)
          ├── tauri v2.11.5 (*)
          ├── tauri-codegen v2.6.3 (*)
          ├── tauri-runtime v2.11.3 (*)
          ├── tauri-utils v2.9.3 (*)
          ├── (build) webview2-com-sys v0.38.2
          │   └── webview2-com v0.38.2
          │       ├── tauri v2.11.5 (*)
          │       ├── tauri-runtime v2.11.3 (*)
          │       ├── tauri-runtime-wry v2.11.4 (*)
          │       └── wry v0.55.1 (*)
          └── wry v0.55.1 (*)

warning[duplicate]: found 3 duplicate entries for crate 'toml'
    ┌─ D:\Documents\Code\Rust\Exp\devsweep/Cargo.lock:354:1
    │  
354 │ ╭ toml 0.8.2 registry+https://github.com/rust-lang/crates.io-index
355 │ │ toml 0.9.12+spec-1.1.0 registry+https://github.com/rust-lang/crates.io-index
356 │ │ toml 1.1.4+spec-1.1.0 registry+https://github.com/rust-lang/crates.io-index
    │ ╰───────────────────────────────────────────────────────────────────────────┘ lock entries
    │  
    ├ toml v0.8.2
      └── system-deps v6.2.2
          ├── (build) atk-sys v0.18.2
          │   ├── atk v0.18.2
          │   │   └── gtk v0.18.2
          │   │       ├── muda v0.19.3
          │   │       │   └── tauri v2.11.5
          │   │       │       └── devsweep-desktop v0.3.0
          │   │       ├── tao v0.35.3
          │   │       │   └── tauri-runtime-wry v2.11.4
          │   │       │       └── tauri v2.11.5 (*)
          │   │       ├── tauri v2.11.5 (*)
          │   │       ├── tauri-runtime v2.11.3
          │   │       │   ├── tauri v2.11.5 (*)
          │   │       │   └── tauri-runtime-wry v2.11.4 (*)
          │   │       ├── tauri-runtime-wry v2.11.4 (*)
          │   │       ├── webkit2gtk v2.0.2
          │   │       │   ├── tauri v2.11.5 (*)
          │   │       │   ├── tauri-runtime v2.11.3 (*)
          │   │       │   ├── tauri-runtime-wry v2.11.4 (*)
          │   │       │   └── wry v0.55.1
          │   │       │       └── tauri-runtime-wry v2.11.4 (*)
          │   │       └── wry v0.55.1 (*)
          │   └── gtk-sys v0.18.2
          │       ├── gtk v0.18.2 (*)
          │       ├── webkit2gtk v2.0.2 (*)
          │       └── webkit2gtk-sys v2.0.2
          │           ├── webkit2gtk v2.0.2 (*)
          │           └── wry v0.55.1 (*)
          ├── (build) cairo-sys-rs v0.18.2
          │   ├── cairo-rs v0.18.5
          │   │   ├── gdk v0.18.2
          │   │   │   ├── gdkx11 v0.18.2
          │   │   │   │   └── wry v0.55.1 (*)
          │   │   │   ├── gtk v0.18.2 (*)
          │   │   │   └── webkit2gtk v2.0.2 (*)
          │   │   ├── gtk v0.18.2 (*)
          │   │   └── webkit2gtk v2.0.2 (*)
          │   ├── gdk-sys v0.18.2
          │   │   ├── gdk v0.18.2 (*)
          │   │   ├── gdkwayland-sys v0.18.2
          │   │   │   └── tao v0.35.3 (*)
          │   │   ├── gdkx11-sys v0.18.2
          │   │   │   ├── gdkx11 v0.18.2 (*)
          │   │   │   └── tao v0.35.3 (*)
          │   │   ├── gtk-sys v0.18.2 (*)
          │   │   ├── webkit2gtk v2.0.2 (*)
          │   │   └── webkit2gtk-sys v2.0.2 (*)
          │   ├── gtk-sys v0.18.2 (*)
          │   └── webkit2gtk-sys v2.0.2 (*)
          ├── (build) gdk-pixbuf-sys v0.18.0
          │   ├── gdk-pixbuf v0.18.5
          │   │   ├── gdk v0.18.2 (*)
          │   │   └── gtk v0.18.2 (*)
          │   ├── gdk-sys v0.18.2 (*)
          │   └── gtk-sys v0.18.2 (*)
          ├── (build) gdk-sys v0.18.2 (*)
          ├── (build) gdkwayland-sys v0.18.2 (*)
          ├── (build) gdkx11-sys v0.18.2 (*)
          ├── (build) gio-sys v0.18.1
          │   ├── gdk-pixbuf-sys v0.18.0 (*)
          │   ├── gdk-sys v0.18.2 (*)
          │   ├── gio v0.18.4
          │   │   ├── gdk v0.18.2 (*)
          │   │   ├── gdk-pixbuf v0.18.5 (*)
          │   │   ├── gdkx11 v0.18.2 (*)
          │   │   ├── gtk v0.18.2 (*)
          │   │   ├── pango v0.18.3
          │   │   │   ├── gdk v0.18.2 (*)
          │   │   │   └── gtk v0.18.2 (*)
          │   │   ├── soup3 v0.5.0
          │   │   │   ├── webkit2gtk v2.0.2 (*)
          │   │   │   └── wry v0.55.1 (*)
          │   │   └── webkit2gtk v2.0.2 (*)
          │   ├── glib v0.18.5
          │   │   ├── atk v0.18.2 (*)
          │   │   ├── cairo-rs v0.18.5 (*)
          │   │   ├── gdk v0.18.2 (*)
          │   │   ├── gdk-pixbuf v0.18.5 (*)
          │   │   ├── gdkx11 v0.18.2 (*)
          │   │   ├── gio v0.18.4 (*)
          │   │   ├── gtk v0.18.2 (*)
          │   │   ├── javascriptcore-rs v1.1.2
          │   │   │   ├── webkit2gtk v2.0.2 (*)
          │   │   │   └── wry v0.55.1 (*)
          │   │   ├── pango v0.18.3 (*)
          │   │   ├── soup3 v0.5.0 (*)
          │   │   └── webkit2gtk v2.0.2 (*)
          │   ├── gtk-sys v0.18.2 (*)
          │   ├── soup3-sys v0.5.0
          │   │   ├── soup3 v0.5.0 (*)
          │   │   └── webkit2gtk-sys v2.0.2 (*)
          │   ├── webkit2gtk v2.0.2 (*)
          │   └── webkit2gtk-sys v2.0.2 (*)
          ├── (build) glib-sys v0.18.1
          │   ├── atk-sys v0.18.2 (*)
          │   ├── cairo-sys-rs v0.18.2 (*)
          │   ├── gdk-pixbuf-sys v0.18.0 (*)
          │   ├── gdk-sys v0.18.2 (*)
          │   ├── gdkwayland-sys v0.18.2 (*)
          │   ├── gdkx11-sys v0.18.2 (*)
          │   ├── gio-sys v0.18.1 (*)
          │   ├── glib v0.18.5 (*)
          │   ├── gobject-sys v0.18.0
          │   │   ├── atk-sys v0.18.2 (*)
          │   │   ├── gdk-pixbuf-sys v0.18.0 (*)
          │   │   ├── gdk-sys v0.18.2 (*)
          │   │   ├── gdkwayland-sys v0.18.2 (*)
          │   │   ├── gio-sys v0.18.1 (*)
          │   │   ├── glib v0.18.5 (*)
          │   │   ├── gtk-sys v0.18.2 (*)
          │   │   ├── javascriptcore-rs-sys v1.1.1
          │   │   │   ├── javascriptcore-rs v1.1.2 (*)
          │   │   │   └── webkit2gtk-sys v2.0.2 (*)
          │   │   ├── pango-sys v0.18.0
          │   │   │   ├── gdk-sys v0.18.2 (*)
          │   │   │   ├── gtk-sys v0.18.2 (*)
          │   │   │   └── pango v0.18.3 (*)
          │   │   ├── soup3-sys v0.5.0 (*)
          │   │   ├── webkit2gtk v2.0.2 (*)
          │   │   └── webkit2gtk-sys v2.0.2 (*)
          │   ├── gtk-sys v0.18.2 (*)
          │   ├── javascriptcore-rs-sys v1.1.1 (*)
          │   ├── pango-sys v0.18.0 (*)
          │   ├── soup3-sys v0.5.0 (*)
          │   ├── webkit2gtk v2.0.2 (*)
          │   └── webkit2gtk-sys v2.0.2 (*)
          ├── (build) gobject-sys v0.18.0 (*)
          ├── (build) gtk-sys v0.18.2 (*)
          ├── (build) javascriptcore-rs-sys v1.1.1 (*)
          ├── (build) pango-sys v0.18.0 (*)
          ├── (build) soup3-sys v0.5.0 (*)
          └── (build) webkit2gtk-sys v2.0.2 (*)
    ├ toml v0.9.12+spec-1.1.0
      └── cargo_toml v0.22.3
          └── tauri-build v2.6.3
              ├── (build) devsweep-desktop v0.3.0
              └── (build) tauri v2.11.5
                  └── devsweep-desktop v0.3.0 (*)
    ├ toml v1.1.4+spec-1.1.0
      ├── embed-resource v3.0.11
      │   └── tauri-winres v0.3.6
      │       └── tauri-build v2.6.3
      │           ├── (build) devsweep-desktop v0.3.0
      │           └── (build) tauri v2.11.5
      │               └── devsweep-desktop v0.3.0 (*)
      ├── tauri-utils v2.9.3
      │   ├── tauri v2.11.5 (*)
      │   ├── tauri-build v2.6.3 (*)
      │   ├── tauri-codegen v2.6.3
      │   │   └── tauri-macros v2.6.3
      │   │       └── tauri v2.11.5 (*)
      │   ├── tauri-macros v2.6.3 (*)
      │   ├── tauri-runtime v2.11.3
      │   │   ├── tauri v2.11.5 (*)
      │   │   └── tauri-runtime-wry v2.11.4
      │   │       └── tauri v2.11.5 (*)
      │   └── tauri-runtime-wry v2.11.4 (*)
      └── tauri-winres v0.3.6 (*)

warning[duplicate]: found 3 duplicate entries for crate 'toml_datetime'
    ┌─ D:\Documents\Code\Rust\Exp\devsweep/Cargo.lock:357:1
    │  
357 │ ╭ toml_datetime 0.6.3 registry+https://github.com/rust-lang/crates.io-index
358 │ │ toml_datetime 0.7.5+spec-1.1.0 registry+https://github.com/rust-lang/crates.io-index
359 │ │ toml_datetime 1.1.1+spec-1.1.0 registry+https://github.com/rust-lang/crates.io-index
    │ ╰────────────────────────────────────────────────────────────────────────────────────┘ lock entries
    │  
    ├ toml_datetime v0.6.3
      ├── proc-macro-crate v2.0.2
      │   └── glib-macros v0.18.5
      │       └── glib v0.18.5
      │           ├── atk v0.18.2
      │           │   └── gtk v0.18.2
      │           │       ├── muda v0.19.3
      │           │       │   └── tauri v2.11.5
      │           │       │       └── devsweep-desktop v0.3.0
      │           │       ├── tao v0.35.3
      │           │       │   └── tauri-runtime-wry v2.11.4
      │           │       │       └── tauri v2.11.5 (*)
      │           │       ├── tauri v2.11.5 (*)
      │           │       ├── tauri-runtime v2.11.3
      │           │       │   ├── tauri v2.11.5 (*)
      │           │       │   └── tauri-runtime-wry v2.11.4 (*)
      │           │       ├── tauri-runtime-wry v2.11.4 (*)
      │           │       ├── webkit2gtk v2.0.2
      │           │       │   ├── tauri v2.11.5 (*)
      │           │       │   ├── tauri-runtime v2.11.3 (*)
      │           │       │   ├── tauri-runtime-wry v2.11.4 (*)
      │           │       │   └── wry v0.55.1
      │           │       │       └── tauri-runtime-wry v2.11.4 (*)
      │           │       └── wry v0.55.1 (*)
      │           ├── cairo-rs v0.18.5
      │           │   ├── gdk v0.18.2
      │           │   │   ├── gdkx11 v0.18.2
      │           │   │   │   └── wry v0.55.1 (*)
      │           │   │   ├── gtk v0.18.2 (*)
      │           │   │   └── webkit2gtk v2.0.2 (*)
      │           │   ├── gtk v0.18.2 (*)
      │           │   └── webkit2gtk v2.0.2 (*)
      │           ├── gdk v0.18.2 (*)
      │           ├── gdk-pixbuf v0.18.5
      │           │   ├── gdk v0.18.2 (*)
      │           │   └── gtk v0.18.2 (*)
      │           ├── gdkx11 v0.18.2 (*)
      │           ├── gio v0.18.4
      │           │   ├── gdk v0.18.2 (*)
      │           │   ├── gdk-pixbuf v0.18.5 (*)
      │           │   ├── gdkx11 v0.18.2 (*)
      │           │   ├── gtk v0.18.2 (*)
      │           │   ├── pango v0.18.3
      │           │   │   ├── gdk v0.18.2 (*)
      │           │   │   └── gtk v0.18.2 (*)
      │           │   ├── soup3 v0.5.0
      │           │   │   ├── webkit2gtk v2.0.2 (*)
      │           │   │   └── wry v0.55.1 (*)
      │           │   └── webkit2gtk v2.0.2 (*)
      │           ├── gtk v0.18.2 (*)
      │           ├── javascriptcore-rs v1.1.2
      │           │   ├── webkit2gtk v2.0.2 (*)
      │           │   └── wry v0.55.1 (*)
      │           ├── pango v0.18.3 (*)
      │           ├── soup3 v0.5.0 (*)
      │           └── webkit2gtk v2.0.2 (*)
      ├── toml v0.8.2
      │   └── system-deps v6.2.2
      │       ├── (build) atk-sys v0.18.2
      │       │   ├── atk v0.18.2 (*)
      │       │   └── gtk-sys v0.18.2
      │       │       ├── gtk v0.18.2 (*)
      │       │       ├── webkit2gtk v2.0.2 (*)
      │       │       └── webkit2gtk-sys v2.0.2
      │       │           ├── webkit2gtk v2.0.2 (*)
      │       │           └── wry v0.55.1 (*)
      │       ├── (build) cairo-sys-rs v0.18.2
      │       │   ├── cairo-rs v0.18.5 (*)
      │       │   ├── gdk-sys v0.18.2
      │       │   │   ├── gdk v0.18.2 (*)
      │       │   │   ├── gdkwayland-sys v0.18.2
      │       │   │   │   └── tao v0.35.3 (*)
      │       │   │   ├── gdkx11-sys v0.18.2
      │       │   │   │   ├── gdkx11 v0.18.2 (*)
      │       │   │   │   └── tao v0.35.3 (*)
      │       │   │   ├── gtk-sys v0.18.2 (*)
      │       │   │   ├── webkit2gtk v2.0.2 (*)
      │       │   │   └── webkit2gtk-sys v2.0.2 (*)
      │       │   ├── gtk-sys v0.18.2 (*)
      │       │   └── webkit2gtk-sys v2.0.2 (*)
      │       ├── (build) gdk-pixbuf-sys v0.18.0
      │       │   ├── gdk-pixbuf v0.18.5 (*)
      │       │   ├── gdk-sys v0.18.2 (*)
      │       │   └── gtk-sys v0.18.2 (*)
      │       ├── (build) gdk-sys v0.18.2 (*)
      │       ├── (build) gdkwayland-sys v0.18.2 (*)
      │       ├── (build) gdkx11-sys v0.18.2 (*)
      │       ├── (build) gio-sys v0.18.1
      │       │   ├── gdk-pixbuf-sys v0.18.0 (*)
      │       │   ├── gdk-sys v0.18.2 (*)
      │       │   ├── gio v0.18.4 (*)
      │       │   ├── glib v0.18.5 (*)
      │       │   ├── gtk-sys v0.18.2 (*)
      │       │   ├── soup3-sys v0.5.0
      │       │   │   ├── soup3 v0.5.0 (*)
      │       │   │   └── webkit2gtk-sys v2.0.2 (*)
      │       │   ├── webkit2gtk v2.0.2 (*)
      │       │   └── webkit2gtk-sys v2.0.2 (*)
      │       ├── (build) glib-sys v0.18.1
      │       │   ├── atk-sys v0.18.2 (*)
      │       │   ├── cairo-sys-rs v0.18.2 (*)
      │       │   ├── gdk-pixbuf-sys v0.18.0 (*)
      │       │   ├── gdk-sys v0.18.2 (*)
      │       │   ├── gdkwayland-sys v0.18.2 (*)
      │       │   ├── gdkx11-sys v0.18.2 (*)
      │       │   ├── gio-sys v0.18.1 (*)
      │       │   ├── glib v0.18.5 (*)
      │       │   ├── gobject-sys v0.18.0
      │       │   │   ├── atk-sys v0.18.2 (*)
      │       │   │   ├── gdk-pixbuf-sys v0.18.0 (*)
      │       │   │   ├── gdk-sys v0.18.2 (*)
      │       │   │   ├── gdkwayland-sys v0.18.2 (*)
      │       │   │   ├── gio-sys v0.18.1 (*)
      │       │   │   ├── glib v0.18.5 (*)
      │       │   │   ├── gtk-sys v0.18.2 (*)
      │       │   │   ├── javascriptcore-rs-sys v1.1.1
      │       │   │   │   ├── javascriptcore-rs v1.1.2 (*)
      │       │   │   │   └── webkit2gtk-sys v2.0.2 (*)
      │       │   │   ├── pango-sys v0.18.0
      │       │   │   │   ├── gdk-sys v0.18.2 (*)
      │       │   │   │   ├── gtk-sys v0.18.2 (*)
      │       │   │   │   └── pango v0.18.3 (*)
      │       │   │   ├── soup3-sys v0.5.0 (*)
      │       │   │   ├── webkit2gtk v2.0.2 (*)
      │       │   │   └── webkit2gtk-sys v2.0.2 (*)
      │       │   ├── gtk-sys v0.18.2 (*)
      │       │   ├── javascriptcore-rs-sys v1.1.1 (*)
      │       │   ├── pango-sys v0.18.0 (*)
      │       │   ├── soup3-sys v0.5.0 (*)
      │       │   ├── webkit2gtk v2.0.2 (*)
      │       │   └── webkit2gtk-sys v2.0.2 (*)
      │       ├── (build) gobject-sys v0.18.0 (*)
      │       ├── (build) gtk-sys v0.18.2 (*)
      │       ├── (build) javascriptcore-rs-sys v1.1.1 (*)
      │       ├── (build) pango-sys v0.18.0 (*)
      │       ├── (build) soup3-sys v0.5.0 (*)
      │       └── (build) webkit2gtk-sys v2.0.2 (*)
      ├── toml_edit v0.19.15
      │   └── proc-macro-crate v1.3.1
      │       └── gtk3-macros v0.18.2
      │           └── gtk v0.18.2 (*)
      └── toml_edit v0.20.2
          ├── proc-macro-crate v2.0.2 (*)
          └── toml v0.8.2 (*)
    ├ toml_datetime v0.7.5+spec-1.1.0
      └── toml v0.9.12+spec-1.1.0
          └── cargo_toml v0.22.3
              └── tauri-build v2.6.3
                  ├── (build) devsweep-desktop v0.3.0
                  └── (build) tauri v2.11.5
                      └── devsweep-desktop v0.3.0 (*)
    ├ toml_datetime v1.1.1+spec-1.1.0
      ├── toml v1.1.4+spec-1.1.0
      │   ├── embed-resource v3.0.11
      │   │   └── tauri-winres v0.3.6
      │   │       └── tauri-build v2.6.3
      │   │           ├── (build) devsweep-desktop v0.3.0
      │   │           └── (build) tauri v2.11.5
      │   │               └── devsweep-desktop v0.3.0 (*)
      │   ├── tauri-utils v2.9.3
      │   │   ├── tauri v2.11.5 (*)
      │   │   ├── tauri-build v2.6.3 (*)
      │   │   ├── tauri-codegen v2.6.3
      │   │   │   └── tauri-macros v2.6.3
      │   │   │       └── tauri v2.11.5 (*)
      │   │   ├── tauri-macros v2.6.3 (*)
      │   │   ├── tauri-runtime v2.11.3
      │   │   │   ├── tauri v2.11.5 (*)
      │   │   │   └── tauri-runtime-wry v2.11.4
      │   │   │       └── tauri v2.11.5 (*)
      │   │   └── tauri-runtime-wry v2.11.4 (*)
      │   └── tauri-winres v0.3.6 (*)
      └── toml_edit v0.25.13+spec-1.1.0
          └── proc-macro-crate v3.5.0
              └── num_enum_derive v0.7.6
                  └── num_enum v0.7.6
                      └── ndk v0.9.0
                          ├── softbuffer v0.4.8
                          │   └── tauri-runtime-wry v2.11.4 (*)
                          ├── tao v0.35.3
                          │   └── tauri-runtime-wry v2.11.4 (*)
                          └── wry v0.55.1
                              └── tauri-runtime-wry v2.11.4 (*)

warning[duplicate]: found 3 duplicate entries for crate 'toml_edit'
    ┌─ D:\Documents\Code\Rust\Exp\devsweep/Cargo.lock:360:1
    │  
360 │ ╭ toml_edit 0.19.15 registry+https://github.com/rust-lang/crates.io-index
361 │ │ toml_edit 0.20.2 registry+https://github.com/rust-lang/crates.io-index
362 │ │ toml_edit 0.25.13+spec-1.1.0 registry+https://github.com/rust-lang/crates.io-index
    │ ╰──────────────────────────────────────────────────────────────────────────────────┘ lock entries
    │  
    ├ toml_edit v0.19.15
      └── proc-macro-crate v1.3.1
          └── gtk3-macros v0.18.2
              └── gtk v0.18.2
                  ├── muda v0.19.3
                  │   └── tauri v2.11.5
                  │       └── devsweep-desktop v0.3.0
                  ├── tao v0.35.3
                  │   └── tauri-runtime-wry v2.11.4
                  │       └── tauri v2.11.5 (*)
                  ├── tauri v2.11.5 (*)
                  ├── tauri-runtime v2.11.3
                  │   ├── tauri v2.11.5 (*)
                  │   └── tauri-runtime-wry v2.11.4 (*)
                  ├── tauri-runtime-wry v2.11.4 (*)
                  ├── webkit2gtk v2.0.2
                  │   ├── tauri v2.11.5 (*)
                  │   ├── tauri-runtime v2.11.3 (*)
                  │   ├── tauri-runtime-wry v2.11.4 (*)
                  │   └── wry v0.55.1
                  │       └── tauri-runtime-wry v2.11.4 (*)
                  └── wry v0.55.1 (*)
    ├ toml_edit v0.20.2
      ├── proc-macro-crate v2.0.2
      │   └── glib-macros v0.18.5
      │       └── glib v0.18.5
      │           ├── atk v0.18.2
      │           │   └── gtk v0.18.2
      │           │       ├── muda v0.19.3
      │           │       │   └── tauri v2.11.5
      │           │       │       └── devsweep-desktop v0.3.0
      │           │       ├── tao v0.35.3
      │           │       │   └── tauri-runtime-wry v2.11.4
      │           │       │       └── tauri v2.11.5 (*)
      │           │       ├── tauri v2.11.5 (*)
      │           │       ├── tauri-runtime v2.11.3
      │           │       │   ├── tauri v2.11.5 (*)
      │           │       │   └── tauri-runtime-wry v2.11.4 (*)
      │           │       ├── tauri-runtime-wry v2.11.4 (*)
      │           │       ├── webkit2gtk v2.0.2
      │           │       │   ├── tauri v2.11.5 (*)
      │           │       │   ├── tauri-runtime v2.11.3 (*)
      │           │       │   ├── tauri-runtime-wry v2.11.4 (*)
      │           │       │   └── wry v0.55.1
      │           │       │       └── tauri-runtime-wry v2.11.4 (*)
      │           │       └── wry v0.55.1 (*)
      │           ├── cairo-rs v0.18.5
      │           │   ├── gdk v0.18.2
      │           │   │   ├── gdkx11 v0.18.2
      │           │   │   │   └── wry v0.55.1 (*)
      │           │   │   ├── gtk v0.18.2 (*)
      │           │   │   └── webkit2gtk v2.0.2 (*)
      │           │   ├── gtk v0.18.2 (*)
      │           │   └── webkit2gtk v2.0.2 (*)
      │           ├── gdk v0.18.2 (*)
      │           ├── gdk-pixbuf v0.18.5
      │           │   ├── gdk v0.18.2 (*)
      │           │   └── gtk v0.18.2 (*)
      │           ├── gdkx11 v0.18.2 (*)
      │           ├── gio v0.18.4
      │           │   ├── gdk v0.18.2 (*)
      │           │   ├── gdk-pixbuf v0.18.5 (*)
      │           │   ├── gdkx11 v0.18.2 (*)
      │           │   ├── gtk v0.18.2 (*)
      │           │   ├── pango v0.18.3
      │           │   │   ├── gdk v0.18.2 (*)
      │           │   │   └── gtk v0.18.2 (*)
      │           │   ├── soup3 v0.5.0
      │           │   │   ├── webkit2gtk v2.0.2 (*)
      │           │   │   └── wry v0.55.1 (*)
      │           │   └── webkit2gtk v2.0.2 (*)
      │           ├── gtk v0.18.2 (*)
      │           ├── javascriptcore-rs v1.1.2
      │           │   ├── webkit2gtk v2.0.2 (*)
      │           │   └── wry v0.55.1 (*)
      │           ├── pango v0.18.3 (*)
      │           ├── soup3 v0.5.0 (*)
      │           └── webkit2gtk v2.0.2 (*)
      └── toml v0.8.2
          └── system-deps v6.2.2
              ├── (build) atk-sys v0.18.2
              │   ├── atk v0.18.2 (*)
              │   └── gtk-sys v0.18.2
              │       ├── gtk v0.18.2 (*)
              │       ├── webkit2gtk v2.0.2 (*)
              │       └── webkit2gtk-sys v2.0.2
              │           ├── webkit2gtk v2.0.2 (*)
              │           └── wry v0.55.1 (*)
              ├── (build) cairo-sys-rs v0.18.2
              │   ├── cairo-rs v0.18.5 (*)
              │   ├── gdk-sys v0.18.2
              │   │   ├── gdk v0.18.2 (*)
              │   │   ├── gdkwayland-sys v0.18.2
              │   │   │   └── tao v0.35.3 (*)
              │   │   ├── gdkx11-sys v0.18.2
              │   │   │   ├── gdkx11 v0.18.2 (*)
              │   │   │   └── tao v0.35.3 (*)
              │   │   ├── gtk-sys v0.18.2 (*)
              │   │   ├── webkit2gtk v2.0.2 (*)
              │   │   └── webkit2gtk-sys v2.0.2 (*)
              │   ├── gtk-sys v0.18.2 (*)
              │   └── webkit2gtk-sys v2.0.2 (*)
              ├── (build) gdk-pixbuf-sys v0.18.0
              │   ├── gdk-pixbuf v0.18.5 (*)
              │   ├── gdk-sys v0.18.2 (*)
              │   └── gtk-sys v0.18.2 (*)
              ├── (build) gdk-sys v0.18.2 (*)
              ├── (build) gdkwayland-sys v0.18.2 (*)
              ├── (build) gdkx11-sys v0.18.2 (*)
              ├── (build) gio-sys v0.18.1
              │   ├── gdk-pixbuf-sys v0.18.0 (*)
              │   ├── gdk-sys v0.18.2 (*)
              │   ├── gio v0.18.4 (*)
              │   ├── glib v0.18.5 (*)
              │   ├── gtk-sys v0.18.2 (*)
              │   ├── soup3-sys v0.5.0
              │   │   ├── soup3 v0.5.0 (*)
              │   │   └── webkit2gtk-sys v2.0.2 (*)
              │   ├── webkit2gtk v2.0.2 (*)
              │   └── webkit2gtk-sys v2.0.2 (*)
              ├── (build) glib-sys v0.18.1
              │   ├── atk-sys v0.18.2 (*)
              │   ├── cairo-sys-rs v0.18.2 (*)
              │   ├── gdk-pixbuf-sys v0.18.0 (*)
              │   ├── gdk-sys v0.18.2 (*)
              │   ├── gdkwayland-sys v0.18.2 (*)
              │   ├── gdkx11-sys v0.18.2 (*)
              │   ├── gio-sys v0.18.1 (*)
              │   ├── glib v0.18.5 (*)
              │   ├── gobject-sys v0.18.0
              │   │   ├── atk-sys v0.18.2 (*)
              │   │   ├── gdk-pixbuf-sys v0.18.0 (*)
              │   │   ├── gdk-sys v0.18.2 (*)
              │   │   ├── gdkwayland-sys v0.18.2 (*)
              │   │   ├── gio-sys v0.18.1 (*)
              │   │   ├── glib v0.18.5 (*)
              │   │   ├── gtk-sys v0.18.2 (*)
              │   │   ├── javascriptcore-rs-sys v1.1.1
              │   │   │   ├── javascriptcore-rs v1.1.2 (*)
              │   │   │   └── webkit2gtk-sys v2.0.2 (*)
              │   │   ├── pango-sys v0.18.0
              │   │   │   ├── gdk-sys v0.18.2 (*)
              │   │   │   ├── gtk-sys v0.18.2 (*)
              │   │   │   └── pango v0.18.3 (*)
              │   │   ├── soup3-sys v0.5.0 (*)
              │   │   ├── webkit2gtk v2.0.2 (*)
              │   │   └── webkit2gtk-sys v2.0.2 (*)
              │   ├── gtk-sys v0.18.2 (*)
              │   ├── javascriptcore-rs-sys v1.1.1 (*)
              │   ├── pango-sys v0.18.0 (*)
              │   ├── soup3-sys v0.5.0 (*)
              │   ├── webkit2gtk v2.0.2 (*)
              │   └── webkit2gtk-sys v2.0.2 (*)
              ├── (build) gobject-sys v0.18.0 (*)
              ├── (build) gtk-sys v0.18.2 (*)
              ├── (build) javascriptcore-rs-sys v1.1.1 (*)
              ├── (build) pango-sys v0.18.0 (*)
              ├── (build) soup3-sys v0.5.0 (*)
              └── (build) webkit2gtk-sys v2.0.2 (*)
    ├ toml_edit v0.25.13+spec-1.1.0
      └── proc-macro-crate v3.5.0
          └── num_enum_derive v0.7.6
              └── num_enum v0.7.6
                  └── ndk v0.9.0
                      ├── softbuffer v0.4.8
                      │   └── tauri-runtime-wry v2.11.4
                      │       └── tauri v2.11.5
                      │           └── devsweep-desktop v0.3.0
                      ├── tao v0.35.3
                      │   └── tauri-runtime-wry v2.11.4 (*)
                      └── wry v0.55.1
                          └── tauri-runtime-wry v2.11.4 (*)

warning[duplicate]: found 2 duplicate entries for crate 'windows'
    ┌─ D:\Documents\Code\Rust\Exp\devsweep/Cargo.lock:419:1
    │  
419 │ ╭ windows 0.56.0 registry+https://github.com/rust-lang/crates.io-index
420 │ │ windows 0.61.3 registry+https://github.com/rust-lang/crates.io-index
    │ ╰────────────────────────────────────────────────────────────────────┘ lock entries
    │  
    ├ windows v0.56.0
      ├── devsweep-core v0.3.0
      │   ├── devsweep-cli v0.3.0
      │   └── devsweep-desktop v0.3.0
      └── trash v5.2.6
          └── devsweep-core v0.3.0 (*)
    ├ windows v0.61.3
      ├── tao v0.35.3
      │   └── tauri-runtime-wry v2.11.4
      │       └── tauri v2.11.5
      │           └── devsweep-desktop v0.3.0
      ├── tauri v2.11.5 (*)
      ├── tauri-runtime v2.11.3
      │   ├── tauri v2.11.5 (*)
      │   └── tauri-runtime-wry v2.11.4 (*)
      ├── tauri-runtime-wry v2.11.4 (*)
      ├── webview2-com v0.38.2
      │   ├── tauri v2.11.5 (*)
      │   ├── tauri-runtime v2.11.3 (*)
      │   ├── tauri-runtime-wry v2.11.4 (*)
      │   └── wry v0.55.1
      │       └── tauri-runtime-wry v2.11.4 (*)
      ├── webview2-com-sys v0.38.2
      │   └── webview2-com v0.38.2 (*)
      └── wry v0.55.1 (*)

warning[duplicate]: found 3 duplicate entries for crate 'windows-core'
    ┌─ D:\Documents\Code\Rust\Exp\devsweep/Cargo.lock:422:1
    │  
422 │ ╭ windows-core 0.56.0 registry+https://github.com/rust-lang/crates.io-index
423 │ │ windows-core 0.61.2 registry+https://github.com/rust-lang/crates.io-index
424 │ │ windows-core 0.62.2 registry+https://github.com/rust-lang/crates.io-index
    │ ╰─────────────────────────────────────────────────────────────────────────┘ lock entries
    │  
    ├ windows-core v0.56.0
      └── windows v0.56.0
          ├── devsweep-core v0.3.0
          │   ├── devsweep-cli v0.3.0
          │   └── devsweep-desktop v0.3.0
          └── trash v5.2.6
              └── devsweep-core v0.3.0 (*)
    ├ windows-core v0.61.2
      ├── tao v0.35.3
      │   └── tauri-runtime-wry v2.11.4
      │       └── tauri v2.11.5
      │           └── devsweep-desktop v0.3.0
      ├── webview2-com v0.38.2
      │   ├── tauri v2.11.5 (*)
      │   ├── tauri-runtime v2.11.3
      │   │   ├── tauri v2.11.5 (*)
      │   │   └── tauri-runtime-wry v2.11.4 (*)
      │   ├── tauri-runtime-wry v2.11.4 (*)
      │   └── wry v0.55.1
      │       └── tauri-runtime-wry v2.11.4 (*)
      ├── webview2-com-sys v0.38.2
      │   └── webview2-com v0.38.2 (*)
      ├── windows v0.61.3
      │   ├── tao v0.35.3 (*)
      │   ├── tauri v2.11.5 (*)
      │   ├── tauri-runtime v2.11.3 (*)
      │   ├── tauri-runtime-wry v2.11.4 (*)
      │   ├── webview2-com v0.38.2 (*)
      │   ├── webview2-com-sys v0.38.2 (*)
      │   └── wry v0.55.1 (*)
      ├── windows-collections v0.2.0
      │   └── windows v0.61.3 (*)
      ├── windows-future v0.2.1
      │   └── windows v0.61.3 (*)
      ├── windows-numerics v0.2.0
      │   └── windows v0.61.3 (*)
      └── wry v0.55.1 (*)
    ├ windows-core v0.62.2
      └── iana-time-zone v0.1.65
          └── chrono v0.4.45
              └── trash v5.2.6
                  └── devsweep-core v0.3.0
                      ├── devsweep-cli v0.3.0
                      └── devsweep-desktop v0.3.0

warning[duplicate]: found 2 duplicate entries for crate 'windows-implement'
    ┌─ D:\Documents\Code\Rust\Exp\devsweep/Cargo.lock:426:1
    │  
426 │ ╭ windows-implement 0.56.0 registry+https://github.com/rust-lang/crates.io-index
427 │ │ windows-implement 0.60.2 registry+https://github.com/rust-lang/crates.io-index
    │ ╰──────────────────────────────────────────────────────────────────────────────┘ lock entries
    │  
    ├ windows-implement v0.56.0
      └── windows-core v0.56.0
          └── windows v0.56.0
              ├── devsweep-core v0.3.0
              │   ├── devsweep-cli v0.3.0
              │   └── devsweep-desktop v0.3.0
              └── trash v5.2.6
                  └── devsweep-core v0.3.0 (*)
    ├ windows-implement v0.60.2
      ├── webview2-com v0.38.2
      │   ├── tauri v2.11.5
      │   │   └── devsweep-desktop v0.3.0
      │   ├── tauri-runtime v2.11.3
      │   │   ├── tauri v2.11.5 (*)
      │   │   └── tauri-runtime-wry v2.11.4
      │   │       └── tauri v2.11.5 (*)
      │   ├── tauri-runtime-wry v2.11.4 (*)
      │   └── wry v0.55.1
      │       └── tauri-runtime-wry v2.11.4 (*)
      ├── windows-core v0.61.2
      │   ├── tao v0.35.3
      │   │   └── tauri-runtime-wry v2.11.4 (*)
      │   ├── webview2-com v0.38.2 (*)
      │   ├── webview2-com-sys v0.38.2
      │   │   └── webview2-com v0.38.2 (*)
      │   ├── windows v0.61.3
      │   │   ├── tao v0.35.3 (*)
      │   │   ├── tauri v2.11.5 (*)
      │   │   ├── tauri-runtime v2.11.3 (*)
      │   │   ├── tauri-runtime-wry v2.11.4 (*)
      │   │   ├── webview2-com v0.38.2 (*)
      │   │   ├── webview2-com-sys v0.38.2 (*)
      │   │   └── wry v0.55.1 (*)
      │   ├── windows-collections v0.2.0
      │   │   └── windows v0.61.3 (*)
      │   ├── windows-future v0.2.1
      │   │   └── windows v0.61.3 (*)
      │   ├── windows-numerics v0.2.0
      │   │   └── windows v0.61.3 (*)
      │   └── wry v0.55.1 (*)
      └── windows-core v0.62.2
          └── iana-time-zone v0.1.65
              └── chrono v0.4.45
                  └── trash v5.2.6
                      └── devsweep-core v0.3.0
                          ├── devsweep-cli v0.3.0
                          └── devsweep-desktop v0.3.0 (*)

warning[duplicate]: found 2 duplicate entries for crate 'windows-interface'
    ┌─ D:\Documents\Code\Rust\Exp\devsweep/Cargo.lock:428:1
    │  
428 │ ╭ windows-interface 0.56.0 registry+https://github.com/rust-lang/crates.io-index
429 │ │ windows-interface 0.59.3 registry+https://github.com/rust-lang/crates.io-index
    │ ╰──────────────────────────────────────────────────────────────────────────────┘ lock entries
    │  
    ├ windows-interface v0.56.0
      └── windows-core v0.56.0
          └── windows v0.56.0
              ├── devsweep-core v0.3.0
              │   ├── devsweep-cli v0.3.0
              │   └── devsweep-desktop v0.3.0
              └── trash v5.2.6
                  └── devsweep-core v0.3.0 (*)
    ├ windows-interface v0.59.3
      ├── webview2-com v0.38.2
      │   ├── tauri v2.11.5
      │   │   └── devsweep-desktop v0.3.0
      │   ├── tauri-runtime v2.11.3
      │   │   ├── tauri v2.11.5 (*)
      │   │   └── tauri-runtime-wry v2.11.4
      │   │       └── tauri v2.11.5 (*)
      │   ├── tauri-runtime-wry v2.11.4 (*)
      │   └── wry v0.55.1
      │       └── tauri-runtime-wry v2.11.4 (*)
      ├── windows-core v0.61.2
      │   ├── tao v0.35.3
      │   │   └── tauri-runtime-wry v2.11.4 (*)
      │   ├── webview2-com v0.38.2 (*)
      │   ├── webview2-com-sys v0.38.2
      │   │   └── webview2-com v0.38.2 (*)
      │   ├── windows v0.61.3
      │   │   ├── tao v0.35.3 (*)
      │   │   ├── tauri v2.11.5 (*)
      │   │   ├── tauri-runtime v2.11.3 (*)
      │   │   ├── tauri-runtime-wry v2.11.4 (*)
      │   │   ├── webview2-com v0.38.2 (*)
      │   │   ├── webview2-com-sys v0.38.2 (*)
      │   │   └── wry v0.55.1 (*)
      │   ├── windows-collections v0.2.0
      │   │   └── windows v0.61.3 (*)
      │   ├── windows-future v0.2.1
      │   │   └── windows v0.61.3 (*)
      │   ├── windows-numerics v0.2.0
      │   │   └── windows v0.61.3 (*)
      │   └── wry v0.55.1 (*)
      └── windows-core v0.62.2
          └── iana-time-zone v0.1.65
              └── chrono v0.4.45
                  └── trash v5.2.6
                      └── devsweep-core v0.3.0
                          ├── devsweep-cli v0.3.0
                          └── devsweep-desktop v0.3.0 (*)

warning[duplicate]: found 2 duplicate entries for crate 'windows-link'
    ┌─ D:\Documents\Code\Rust\Exp\devsweep/Cargo.lock:430:1
    │  
430 │ ╭ windows-link 0.1.3 registry+https://github.com/rust-lang/crates.io-index
431 │ │ windows-link 0.2.1 registry+https://github.com/rust-lang/crates.io-index
    │ ╰────────────────────────────────────────────────────────────────────────┘ lock entries
    │  
    ├ windows-link v0.1.3
      ├── windows v0.61.3
      │   ├── tao v0.35.3
      │   │   └── tauri-runtime-wry v2.11.4
      │   │       └── tauri v2.11.5
      │   │           └── devsweep-desktop v0.3.0
      │   ├── tauri v2.11.5 (*)
      │   ├── tauri-runtime v2.11.3
      │   │   ├── tauri v2.11.5 (*)
      │   │   └── tauri-runtime-wry v2.11.4 (*)
      │   ├── tauri-runtime-wry v2.11.4 (*)
      │   ├── webview2-com v0.38.2
      │   │   ├── tauri v2.11.5 (*)
      │   │   ├── tauri-runtime v2.11.3 (*)
      │   │   ├── tauri-runtime-wry v2.11.4 (*)
      │   │   └── wry v0.55.1
      │   │       └── tauri-runtime-wry v2.11.4 (*)
      │   ├── webview2-com-sys v0.38.2
      │   │   └── webview2-com v0.38.2 (*)
      │   └── wry v0.55.1 (*)
      ├── windows-core v0.61.2
      │   ├── tao v0.35.3 (*)
      │   ├── webview2-com v0.38.2 (*)
      │   ├── webview2-com-sys v0.38.2 (*)
      │   ├── windows v0.61.3 (*)
      │   ├── windows-collections v0.2.0
      │   │   └── windows v0.61.3 (*)
      │   ├── windows-future v0.2.1
      │   │   └── windows v0.61.3 (*)
      │   ├── windows-numerics v0.2.0
      │   │   └── windows v0.61.3 (*)
      │   └── wry v0.55.1 (*)
      ├── windows-future v0.2.1 (*)
      ├── windows-numerics v0.2.0 (*)
      ├── windows-result v0.3.4
      │   └── windows-core v0.61.2 (*)
      ├── windows-strings v0.4.2
      │   └── windows-core v0.61.2 (*)
      └── windows-threading v0.1.0
          └── windows-future v0.2.1 (*)
    ├ windows-link v0.2.1
      ├── chrono v0.4.45
      │   └── trash v5.2.6
      │       └── devsweep-core v0.3.0
      │           ├── devsweep-cli v0.3.0
      │           └── devsweep-desktop v0.3.0
      ├── parking_lot_core v0.9.12
      │   └── parking_lot v0.12.5
      │       ├── crossterm v0.29.0
      │       │   ├── devsweep-cli v0.3.0 (*)
      │       │   └── ratatui-crossterm v0.1.2
      │       │       └── ratatui v0.30.2
      │       │           └── devsweep-cli v0.3.0 (*)
      │       ├── string_cache v0.9.0
      │       │   └── web_atoms v0.2.5
      │       │       └── markup5ever v0.38.0
      │       │           └── html5ever v0.38.0
      │       │               └── dom_query v0.27.0
      │       │                   ├── tauri-utils v2.9.3
      │       │                   │   ├── tauri v2.11.5
      │       │                   │   │   └── devsweep-desktop v0.3.0 (*)
      │       │                   │   ├── tauri-build v2.6.3
      │       │                   │   │   ├── (build) devsweep-desktop v0.3.0 (*)
      │       │                   │   │   └── (build) tauri v2.11.5 (*)
      │       │                   │   ├── tauri-codegen v2.6.3
      │       │                   │   │   └── tauri-macros v2.6.3
      │       │                   │   │       └── tauri v2.11.5 (*)
      │       │                   │   ├── tauri-macros v2.6.3 (*)
      │       │                   │   ├── tauri-runtime v2.11.3
      │       │                   │   │   ├── tauri v2.11.5 (*)
      │       │                   │   │   └── tauri-runtime-wry v2.11.4
      │       │                   │   │       └── tauri v2.11.5 (*)
      │       │                   │   └── tauri-runtime-wry v2.11.4 (*)
      │       │                   └── wry v0.55.1
      │       │                       └── tauri-runtime-wry v2.11.4 (*)
      │       └── tao v0.35.3
      │           └── tauri-runtime-wry v2.11.4 (*)
      ├── windows-core v0.62.2
      │   └── iana-time-zone v0.1.65
      │       └── chrono v0.4.45 (*)
      ├── windows-result v0.4.1
      │   └── windows-core v0.62.2 (*)
      ├── windows-strings v0.5.1
      │   └── windows-core v0.62.2 (*)
      ├── windows-sys v0.61.2
      │   ├── anstyle-query v1.1.5
      │   │   └── anstream v1.0.0
      │   │       └── clap_builder v4.6.2
      │   │           └── clap v4.6.4
      │   │               └── devsweep-cli v0.3.0 (*)
      │   ├── anstyle-wincon v3.0.11
      │   │   └── anstream v1.0.0 (*)
      │   ├── dbus v0.9.12
      │   │   └── tao v0.35.3 (*)
      │   ├── dirs-sys v0.5.0
      │   │   └── dirs v6.0.0
      │   │       ├── tauri v2.11.5 (*)
      │   │       ├── tauri-build v2.6.3 (*)
      │   │       └── wry v0.55.1 (*)
      │   ├── errno v0.3.14
      │   │   ├── rustix v1.1.4
      │   │   │   ├── crossterm v0.29.0 (*)
      │   │   │   └── tempfile v3.27.0
      │   │   │       ├── (dev) devsweep-cli v0.3.0 (*)
      │   │   │       ├── (dev) devsweep-core v0.3.0 (*)
      │   │   │       └── (dev) devsweep-desktop v0.3.0 (*)
      │   │   └── signal-hook-registry v1.4.8
      │   │       └── signal-hook v0.3.18
      │   │           ├── crossterm v0.29.0 (*)
      │   │           └── signal-hook-mio v0.2.5
      │   │               └── crossterm v0.29.0 (*)
      │   ├── mio v1.2.2
      │   │   ├── crossterm v0.29.0 (*)
      │   │   ├── signal-hook-mio v0.2.5 (*)
      │   │   └── tokio v1.53.1
      │   │       ├── hyper v1.11.0
      │   │       │   ├── hyper-util v0.1.20
      │   │       │   │   └── reqwest v0.13.4
      │   │       │   │       └── tauri v2.11.5 (*)
      │   │       │   └── reqwest v0.13.4 (*)
      │   │       ├── hyper-util v0.1.20 (*)
      │   │       ├── reqwest v0.13.4 (*)
      │   │       ├── tauri v2.11.5 (*)
      │   │       ├── tokio-util v0.7.19
      │   │       │   └── reqwest v0.13.4 (*)
      │   │       └── tower v0.5.3
      │   │           ├── reqwest v0.13.4 (*)
      │   │           └── tower-http v0.6.11
      │   │               └── reqwest v0.13.4 (*)
      │   ├── muda v0.19.3
      │   │   └── tauri v2.11.5 (*)
      │   ├── nu-ansi-term v0.50.3
      │   │   └── tracing-subscriber v0.3.23
      │   │       └── devsweep-cli v0.3.0 (*)
      │   ├── rustix v1.1.4 (*)
      │   ├── socket2 v0.6.5
      │   │   ├── hyper-util v0.1.20 (*)
      │   │   └── tokio v1.53.1 (*)
      │   ├── softbuffer v0.4.8
      │   │   └── tauri-runtime-wry v2.11.4 (*)
      │   ├── tempfile v3.27.0 (*)
      │   ├── tokio v1.53.1 (*)
      │   └── winapi-util v0.1.11
      │       ├── same-file v1.0.6
      │       │   └── walkdir v2.5.0
      │       │       ├── (build) jni v0.21.1
      │       │       │   ├── tao v0.35.3 (*)
      │       │       │   ├── tauri v2.11.5 (*)
      │       │       │   ├── tauri-runtime v2.11.3 (*)
      │       │       │   ├── tauri-runtime-wry v2.11.4 (*)
      │       │       │   └── wry v0.55.1 (*)
      │       │       ├── tauri-build v2.6.3 (*)
      │       │       ├── tauri-codegen v2.6.3 (*)
      │       │       └── tauri-utils v2.9.3 (*)
      │       └── walkdir v2.5.0 (*)
      └── windows-version v0.1.7
          ├── tao v0.35.3 (*)
          ├── window-vibrancy v0.6.0
          │   └── tauri v2.11.5 (*)
          └── wry v0.55.1 (*)

warning[duplicate]: found 3 duplicate entries for crate 'windows-result'
    ┌─ D:\Documents\Code\Rust\Exp\devsweep/Cargo.lock:433:1
    │  
433 │ ╭ windows-result 0.1.2 registry+https://github.com/rust-lang/crates.io-index
434 │ │ windows-result 0.3.4 registry+https://github.com/rust-lang/crates.io-index
435 │ │ windows-result 0.4.1 registry+https://github.com/rust-lang/crates.io-index
    │ ╰──────────────────────────────────────────────────────────────────────────┘ lock entries
    │  
    ├ windows-result v0.1.2
      └── windows-core v0.56.0
          └── windows v0.56.0
              ├── devsweep-core v0.3.0
              │   ├── devsweep-cli v0.3.0
              │   └── devsweep-desktop v0.3.0
              └── trash v5.2.6
                  └── devsweep-core v0.3.0 (*)
    ├ windows-result v0.3.4
      └── windows-core v0.61.2
          ├── tao v0.35.3
          │   └── tauri-runtime-wry v2.11.4
          │       └── tauri v2.11.5
          │           └── devsweep-desktop v0.3.0
          ├── webview2-com v0.38.2
          │   ├── tauri v2.11.5 (*)
          │   ├── tauri-runtime v2.11.3
          │   │   ├── tauri v2.11.5 (*)
          │   │   └── tauri-runtime-wry v2.11.4 (*)
          │   ├── tauri-runtime-wry v2.11.4 (*)
          │   └── wry v0.55.1
          │       └── tauri-runtime-wry v2.11.4 (*)
          ├── webview2-com-sys v0.38.2
          │   └── webview2-com v0.38.2 (*)
          ├── windows v0.61.3
          │   ├── tao v0.35.3 (*)
          │   ├── tauri v2.11.5 (*)
          │   ├── tauri-runtime v2.11.3 (*)
          │   ├── tauri-runtime-wry v2.11.4 (*)
          │   ├── webview2-com v0.38.2 (*)
          │   ├── webview2-com-sys v0.38.2 (*)
          │   └── wry v0.55.1 (*)
          ├── windows-collections v0.2.0
          │   └── windows v0.61.3 (*)
          ├── windows-future v0.2.1
          │   └── windows v0.61.3 (*)
          ├── windows-numerics v0.2.0
          │   └── windows v0.61.3 (*)
          └── wry v0.55.1 (*)
    ├ windows-result v0.4.1
      └── windows-core v0.62.2
          └── iana-time-zone v0.1.65
              └── chrono v0.4.45
                  └── trash v5.2.6
                      └── devsweep-core v0.3.0
                          ├── devsweep-cli v0.3.0
                          └── devsweep-desktop v0.3.0

warning[duplicate]: found 2 duplicate entries for crate 'windows-strings'
    ┌─ D:\Documents\Code\Rust\Exp\devsweep/Cargo.lock:436:1
    │  
436 │ ╭ windows-strings 0.4.2 registry+https://github.com/rust-lang/crates.io-index
437 │ │ windows-strings 0.5.1 registry+https://github.com/rust-lang/crates.io-index
    │ ╰───────────────────────────────────────────────────────────────────────────┘ lock entries
    │  
    ├ windows-strings v0.4.2
      └── windows-core v0.61.2
          ├── tao v0.35.3
          │   └── tauri-runtime-wry v2.11.4
          │       └── tauri v2.11.5
          │           └── devsweep-desktop v0.3.0
          ├── webview2-com v0.38.2
          │   ├── tauri v2.11.5 (*)
          │   ├── tauri-runtime v2.11.3
          │   │   ├── tauri v2.11.5 (*)
          │   │   └── tauri-runtime-wry v2.11.4 (*)
          │   ├── tauri-runtime-wry v2.11.4 (*)
          │   └── wry v0.55.1
          │       └── tauri-runtime-wry v2.11.4 (*)
          ├── webview2-com-sys v0.38.2
          │   └── webview2-com v0.38.2 (*)
          ├── windows v0.61.3
          │   ├── tao v0.35.3 (*)
          │   ├── tauri v2.11.5 (*)
          │   ├── tauri-runtime v2.11.3 (*)
          │   ├── tauri-runtime-wry v2.11.4 (*)
          │   ├── webview2-com v0.38.2 (*)
          │   ├── webview2-com-sys v0.38.2 (*)
          │   └── wry v0.55.1 (*)
          ├── windows-collections v0.2.0
          │   └── windows v0.61.3 (*)
          ├── windows-future v0.2.1
          │   └── windows v0.61.3 (*)
          ├── windows-numerics v0.2.0
          │   └── windows v0.61.3 (*)
          └── wry v0.55.1 (*)
    ├ windows-strings v0.5.1
      └── windows-core v0.62.2
          └── iana-time-zone v0.1.65
              └── chrono v0.4.45
                  └── trash v5.2.6
                      └── devsweep-core v0.3.0
                          ├── devsweep-cli v0.3.0
                          └── devsweep-desktop v0.3.0

warning[duplicate]: found 3 duplicate entries for crate 'windows-sys'
    ┌─ D:\Documents\Code\Rust\Exp\devsweep/Cargo.lock:438:1
    │  
438 │ ╭ windows-sys 0.45.0 registry+https://github.com/rust-lang/crates.io-index
439 │ │ windows-sys 0.59.0 registry+https://github.com/rust-lang/crates.io-index
440 │ │ windows-sys 0.61.2 registry+https://github.com/rust-lang/crates.io-index
    │ ╰────────────────────────────────────────────────────────────────────────┘ lock entries
    │  
    ├ windows-sys v0.45.0
      └── jni v0.21.1
          ├── tao v0.35.3
          │   └── tauri-runtime-wry v2.11.4
          │       └── tauri v2.11.5
          │           └── devsweep-desktop v0.3.0
          ├── tauri v2.11.5 (*)
          ├── tauri-runtime v2.11.3
          │   ├── tauri v2.11.5 (*)
          │   └── tauri-runtime-wry v2.11.4 (*)
          ├── tauri-runtime-wry v2.11.4 (*)
          └── wry v0.55.1
              └── tauri-runtime-wry v2.11.4 (*)
    ├ windows-sys v0.59.0
      ├── devsweep-core v0.3.0
      │   ├── devsweep-cli v0.3.0
      │   └── devsweep-desktop v0.3.0
      ├── (dev) devsweep-desktop v0.3.0 (*)
      ├── window-vibrancy v0.6.0
      │   └── tauri v2.11.5
      │       └── devsweep-desktop v0.3.0 (*)
      └── winreg v0.55.0
          └── embed-resource v3.0.11
              └── tauri-winres v0.3.6
                  └── tauri-build v2.6.3
                      ├── (build) devsweep-desktop v0.3.0 (*)
                      └── (build) tauri v2.11.5 (*)
    ├ windows-sys v0.61.2
      ├── anstyle-query v1.1.5
      │   └── anstream v1.0.0
      │       └── clap_builder v4.6.2
      │           └── clap v4.6.4
      │               └── devsweep-cli v0.3.0
      ├── anstyle-wincon v3.0.11
      │   └── anstream v1.0.0 (*)
      ├── dbus v0.9.12
      │   └── tao v0.35.3
      │       └── tauri-runtime-wry v2.11.4
      │           └── tauri v2.11.5
      │               └── devsweep-desktop v0.3.0
      ├── dirs-sys v0.5.0
      │   └── dirs v6.0.0
      │       ├── tauri v2.11.5 (*)
      │       ├── tauri-build v2.6.3
      │       │   ├── (build) devsweep-desktop v0.3.0 (*)
      │       │   └── (build) tauri v2.11.5 (*)
      │       └── wry v0.55.1
      │           └── tauri-runtime-wry v2.11.4 (*)
      ├── errno v0.3.14
      │   ├── rustix v1.1.4
      │   │   ├── crossterm v0.29.0
      │   │   │   ├── devsweep-cli v0.3.0 (*)
      │   │   │   └── ratatui-crossterm v0.1.2
      │   │   │       └── ratatui v0.30.2
      │   │   │           └── devsweep-cli v0.3.0 (*)
      │   │   └── tempfile v3.27.0
      │   │       ├── (dev) devsweep-cli v0.3.0 (*)
      │   │       ├── (dev) devsweep-core v0.3.0
      │   │       │   ├── devsweep-cli v0.3.0 (*)
      │   │       │   └── devsweep-desktop v0.3.0 (*)
      │   │       └── (dev) devsweep-desktop v0.3.0 (*)
      │   └── signal-hook-registry v1.4.8
      │       └── signal-hook v0.3.18
      │           ├── crossterm v0.29.0 (*)
      │           └── signal-hook-mio v0.2.5
      │               └── crossterm v0.29.0 (*)
      ├── mio v1.2.2
      │   ├── crossterm v0.29.0 (*)
      │   ├── signal-hook-mio v0.2.5 (*)
      │   └── tokio v1.53.1
      │       ├── hyper v1.11.0
      │       │   ├── hyper-util v0.1.20
      │       │   │   └── reqwest v0.13.4
      │       │   │       └── tauri v2.11.5 (*)
      │       │   └── reqwest v0.13.4 (*)
      │       ├── hyper-util v0.1.20 (*)
      │       ├── reqwest v0.13.4 (*)
      │       ├── tauri v2.11.5 (*)
      │       ├── tokio-util v0.7.19
      │       │   └── reqwest v0.13.4 (*)
      │       └── tower v0.5.3
      │           ├── reqwest v0.13.4 (*)
      │           └── tower-http v0.6.11
      │               └── reqwest v0.13.4 (*)
      ├── muda v0.19.3
      │   └── tauri v2.11.5 (*)
      ├── nu-ansi-term v0.50.3
      │   └── tracing-subscriber v0.3.23
      │       └── devsweep-cli v0.3.0 (*)
      ├── rustix v1.1.4 (*)
      ├── socket2 v0.6.5
      │   ├── hyper-util v0.1.20 (*)
      │   └── tokio v1.53.1 (*)
      ├── softbuffer v0.4.8
      │   └── tauri-runtime-wry v2.11.4 (*)
      ├── tempfile v3.27.0 (*)
      ├── tokio v1.53.1 (*)
      └── winapi-util v0.1.11
          ├── same-file v1.0.6
          │   └── walkdir v2.5.0
          │       ├── (build) jni v0.21.1
          │       │   ├── tao v0.35.3 (*)
          │       │   ├── tauri v2.11.5 (*)
          │       │   ├── tauri-runtime v2.11.3
          │       │   │   ├── tauri v2.11.5 (*)
          │       │   │   └── tauri-runtime-wry v2.11.4 (*)
          │       │   ├── tauri-runtime-wry v2.11.4 (*)
          │       │   └── wry v0.55.1 (*)
          │       ├── tauri-build v2.6.3 (*)
          │       ├── tauri-codegen v2.6.3
          │       │   └── tauri-macros v2.6.3
          │       │       └── tauri v2.11.5 (*)
          │       └── tauri-utils v2.9.3
          │           ├── tauri v2.11.5 (*)
          │           ├── tauri-build v2.6.3 (*)
          │           ├── tauri-codegen v2.6.3 (*)
          │           ├── tauri-macros v2.6.3 (*)
          │           ├── tauri-runtime v2.11.3 (*)
          │           └── tauri-runtime-wry v2.11.4 (*)
          └── walkdir v2.5.0 (*)

warning[duplicate]: found 2 duplicate entries for crate 'windows-targets'
    ┌─ D:\Documents\Code\Rust\Exp\devsweep/Cargo.lock:441:1
    │  
441 │ ╭ windows-targets 0.42.2 registry+https://github.com/rust-lang/crates.io-index
442 │ │ windows-targets 0.52.6 registry+https://github.com/rust-lang/crates.io-index
    │ ╰────────────────────────────────────────────────────────────────────────────┘ lock entries
    │  
    ├ windows-targets v0.42.2
      └── windows-sys v0.45.0
          └── jni v0.21.1
              ├── tao v0.35.3
              │   └── tauri-runtime-wry v2.11.4
              │       └── tauri v2.11.5
              │           └── devsweep-desktop v0.3.0
              ├── tauri v2.11.5 (*)
              ├── tauri-runtime v2.11.3
              │   ├── tauri v2.11.5 (*)
              │   └── tauri-runtime-wry v2.11.4 (*)
              ├── tauri-runtime-wry v2.11.4 (*)
              └── wry v0.55.1
                  └── tauri-runtime-wry v2.11.4 (*)
    ├ windows-targets v0.52.6
      ├── windows v0.56.0
      │   ├── devsweep-core v0.3.0
      │   │   ├── devsweep-cli v0.3.0
      │   │   └── devsweep-desktop v0.3.0
      │   └── trash v5.2.6
      │       └── devsweep-core v0.3.0 (*)
      ├── windows-core v0.56.0
      │   └── windows v0.56.0 (*)
      ├── windows-result v0.1.2
      │   └── windows-core v0.56.0 (*)
      └── windows-sys v0.59.0
          ├── devsweep-core v0.3.0 (*)
          ├── (dev) devsweep-desktop v0.3.0 (*)
          ├── window-vibrancy v0.6.0
          │   └── tauri v2.11.5
          │       └── devsweep-desktop v0.3.0 (*)
          └── winreg v0.55.0
              └── embed-resource v3.0.11
                  └── tauri-winres v0.3.6
                      └── tauri-build v2.6.3
                          ├── (build) devsweep-desktop v0.3.0 (*)
                          └── (build) tauri v2.11.5 (*)

warning[duplicate]: found 2 duplicate entries for crate 'windows_aarch64_gnullvm'
    ┌─ D:\Documents\Code\Rust\Exp\devsweep/Cargo.lock:445:1
    │  
445 │ ╭ windows_aarch64_gnullvm 0.42.2 registry+https://github.com/rust-lang/crates.io-index
446 │ │ windows_aarch64_gnullvm 0.52.6 registry+https://github.com/rust-lang/crates.io-index
    │ ╰────────────────────────────────────────────────────────────────────────────────────┘ lock entries
    │  
    ├ windows_aarch64_gnullvm v0.42.2
      └── windows-targets v0.42.2
          └── windows-sys v0.45.0
              └── jni v0.21.1
                  ├── tao v0.35.3
                  │   └── tauri-runtime-wry v2.11.4
                  │       └── tauri v2.11.5
                  │           └── devsweep-desktop v0.3.0
                  ├── tauri v2.11.5 (*)
                  ├── tauri-runtime v2.11.3
                  │   ├── tauri v2.11.5 (*)
                  │   └── tauri-runtime-wry v2.11.4 (*)
                  ├── tauri-runtime-wry v2.11.4 (*)
                  └── wry v0.55.1
                      └── tauri-runtime-wry v2.11.4 (*)
    ├ windows_aarch64_gnullvm v0.52.6
      └── windows-targets v0.52.6
          ├── windows v0.56.0
          │   ├── devsweep-core v0.3.0
          │   │   ├── devsweep-cli v0.3.0
          │   │   └── devsweep-desktop v0.3.0
          │   └── trash v5.2.6
          │       └── devsweep-core v0.3.0 (*)
          ├── windows-core v0.56.0
          │   └── windows v0.56.0 (*)
          ├── windows-result v0.1.2
          │   └── windows-core v0.56.0 (*)
          └── windows-sys v0.59.0
              ├── devsweep-core v0.3.0 (*)
              ├── (dev) devsweep-desktop v0.3.0 (*)
              ├── window-vibrancy v0.6.0
              │   └── tauri v2.11.5
              │       └── devsweep-desktop v0.3.0 (*)
              └── winreg v0.55.0
                  └── embed-resource v3.0.11
                      └── tauri-winres v0.3.6
                          └── tauri-build v2.6.3
                              ├── (build) devsweep-desktop v0.3.0 (*)
                              └── (build) tauri v2.11.5 (*)

warning[duplicate]: found 2 duplicate entries for crate 'windows_aarch64_msvc'
    ┌─ D:\Documents\Code\Rust\Exp\devsweep/Cargo.lock:447:1
    │  
447 │ ╭ windows_aarch64_msvc 0.42.2 registry+https://github.com/rust-lang/crates.io-index
448 │ │ windows_aarch64_msvc 0.52.6 registry+https://github.com/rust-lang/crates.io-index
    │ ╰─────────────────────────────────────────────────────────────────────────────────┘ lock entries
    │  
    ├ windows_aarch64_msvc v0.42.2
      └── windows-targets v0.42.2
          └── windows-sys v0.45.0
              └── jni v0.21.1
                  ├── tao v0.35.3
                  │   └── tauri-runtime-wry v2.11.4
                  │       └── tauri v2.11.5
                  │           └── devsweep-desktop v0.3.0
                  ├── tauri v2.11.5 (*)
                  ├── tauri-runtime v2.11.3
                  │   ├── tauri v2.11.5 (*)
                  │   └── tauri-runtime-wry v2.11.4 (*)
                  ├── tauri-runtime-wry v2.11.4 (*)
                  └── wry v0.55.1
                      └── tauri-runtime-wry v2.11.4 (*)
    ├ windows_aarch64_msvc v0.52.6
      └── windows-targets v0.52.6
          ├── windows v0.56.0
          │   ├── devsweep-core v0.3.0
          │   │   ├── devsweep-cli v0.3.0
          │   │   └── devsweep-desktop v0.3.0
          │   └── trash v5.2.6
          │       └── devsweep-core v0.3.0 (*)
          ├── windows-core v0.56.0
          │   └── windows v0.56.0 (*)
          ├── windows-result v0.1.2
          │   └── windows-core v0.56.0 (*)
          └── windows-sys v0.59.0
              ├── devsweep-core v0.3.0 (*)
              ├── (dev) devsweep-desktop v0.3.0 (*)
              ├── window-vibrancy v0.6.0
              │   └── tauri v2.11.5
              │       └── devsweep-desktop v0.3.0 (*)
              └── winreg v0.55.0
                  └── embed-resource v3.0.11
                      └── tauri-winres v0.3.6
                          └── tauri-build v2.6.3
                              ├── (build) devsweep-desktop v0.3.0 (*)
                              └── (build) tauri v2.11.5 (*)

warning[duplicate]: found 2 duplicate entries for crate 'windows_i686_gnu'
    ┌─ D:\Documents\Code\Rust\Exp\devsweep/Cargo.lock:449:1
    │  
449 │ ╭ windows_i686_gnu 0.42.2 registry+https://github.com/rust-lang/crates.io-index
450 │ │ windows_i686_gnu 0.52.6 registry+https://github.com/rust-lang/crates.io-index
    │ ╰─────────────────────────────────────────────────────────────────────────────┘ lock entries
    │  
    ├ windows_i686_gnu v0.42.2
      └── windows-targets v0.42.2
          └── windows-sys v0.45.0
              └── jni v0.21.1
                  ├── tao v0.35.3
                  │   └── tauri-runtime-wry v2.11.4
                  │       └── tauri v2.11.5
                  │           └── devsweep-desktop v0.3.0
                  ├── tauri v2.11.5 (*)
                  ├── tauri-runtime v2.11.3
                  │   ├── tauri v2.11.5 (*)
                  │   └── tauri-runtime-wry v2.11.4 (*)
                  ├── tauri-runtime-wry v2.11.4 (*)
                  └── wry v0.55.1
                      └── tauri-runtime-wry v2.11.4 (*)
    ├ windows_i686_gnu v0.52.6
      └── windows-targets v0.52.6
          ├── windows v0.56.0
          │   ├── devsweep-core v0.3.0
          │   │   ├── devsweep-cli v0.3.0
          │   │   └── devsweep-desktop v0.3.0
          │   └── trash v5.2.6
          │       └── devsweep-core v0.3.0 (*)
          ├── windows-core v0.56.0
          │   └── windows v0.56.0 (*)
          ├── windows-result v0.1.2
          │   └── windows-core v0.56.0 (*)
          └── windows-sys v0.59.0
              ├── devsweep-core v0.3.0 (*)
              ├── (dev) devsweep-desktop v0.3.0 (*)
              ├── window-vibrancy v0.6.0
              │   └── tauri v2.11.5
              │       └── devsweep-desktop v0.3.0 (*)
              └── winreg v0.55.0
                  └── embed-resource v3.0.11
                      └── tauri-winres v0.3.6
                          └── tauri-build v2.6.3
                              ├── (build) devsweep-desktop v0.3.0 (*)
                              └── (build) tauri v2.11.5 (*)

warning[duplicate]: found 2 duplicate entries for crate 'windows_i686_msvc'
    ┌─ D:\Documents\Code\Rust\Exp\devsweep/Cargo.lock:452:1
    │  
452 │ ╭ windows_i686_msvc 0.42.2 registry+https://github.com/rust-lang/crates.io-index
453 │ │ windows_i686_msvc 0.52.6 registry+https://github.com/rust-lang/crates.io-index
    │ ╰──────────────────────────────────────────────────────────────────────────────┘ lock entries
    │  
    ├ windows_i686_msvc v0.42.2
      └── windows-targets v0.42.2
          └── windows-sys v0.45.0
              └── jni v0.21.1
                  ├── tao v0.35.3
                  │   └── tauri-runtime-wry v2.11.4
                  │       └── tauri v2.11.5
                  │           └── devsweep-desktop v0.3.0
                  ├── tauri v2.11.5 (*)
                  ├── tauri-runtime v2.11.3
                  │   ├── tauri v2.11.5 (*)
                  │   └── tauri-runtime-wry v2.11.4 (*)
                  ├── tauri-runtime-wry v2.11.4 (*)
                  └── wry v0.55.1
                      └── tauri-runtime-wry v2.11.4 (*)
    ├ windows_i686_msvc v0.52.6
      └── windows-targets v0.52.6
          ├── windows v0.56.0
          │   ├── devsweep-core v0.3.0
          │   │   ├── devsweep-cli v0.3.0
          │   │   └── devsweep-desktop v0.3.0
          │   └── trash v5.2.6
          │       └── devsweep-core v0.3.0 (*)
          ├── windows-core v0.56.0
          │   └── windows v0.56.0 (*)
          ├── windows-result v0.1.2
          │   └── windows-core v0.56.0 (*)
          └── windows-sys v0.59.0
              ├── devsweep-core v0.3.0 (*)
              ├── (dev) devsweep-desktop v0.3.0 (*)
              ├── window-vibrancy v0.6.0
              │   └── tauri v2.11.5
              │       └── devsweep-desktop v0.3.0 (*)
              └── winreg v0.55.0
                  └── embed-resource v3.0.11
                      └── tauri-winres v0.3.6
                          └── tauri-build v2.6.3
                              ├── (build) devsweep-desktop v0.3.0 (*)
                              └── (build) tauri v2.11.5 (*)

warning[duplicate]: found 2 duplicate entries for crate 'windows_x86_64_gnu'
    ┌─ D:\Documents\Code\Rust\Exp\devsweep/Cargo.lock:454:1
    │  
454 │ ╭ windows_x86_64_gnu 0.42.2 registry+https://github.com/rust-lang/crates.io-index
455 │ │ windows_x86_64_gnu 0.52.6 registry+https://github.com/rust-lang/crates.io-index
    │ ╰───────────────────────────────────────────────────────────────────────────────┘ lock entries
    │  
    ├ windows_x86_64_gnu v0.42.2
      └── windows-targets v0.42.2
          └── windows-sys v0.45.0
              └── jni v0.21.1
                  ├── tao v0.35.3
                  │   └── tauri-runtime-wry v2.11.4
                  │       └── tauri v2.11.5
                  │           └── devsweep-desktop v0.3.0
                  ├── tauri v2.11.5 (*)
                  ├── tauri-runtime v2.11.3
                  │   ├── tauri v2.11.5 (*)
                  │   └── tauri-runtime-wry v2.11.4 (*)
                  ├── tauri-runtime-wry v2.11.4 (*)
                  └── wry v0.55.1
                      └── tauri-runtime-wry v2.11.4 (*)
    ├ windows_x86_64_gnu v0.52.6
      └── windows-targets v0.52.6
          ├── windows v0.56.0
          │   ├── devsweep-core v0.3.0
          │   │   ├── devsweep-cli v0.3.0
          │   │   └── devsweep-desktop v0.3.0
          │   └── trash v5.2.6
          │       └── devsweep-core v0.3.0 (*)
          ├── windows-core v0.56.0
          │   └── windows v0.56.0 (*)
          ├── windows-result v0.1.2
          │   └── windows-core v0.56.0 (*)
          └── windows-sys v0.59.0
              ├── devsweep-core v0.3.0 (*)
              ├── (dev) devsweep-desktop v0.3.0 (*)
              ├── window-vibrancy v0.6.0
              │   └── tauri v2.11.5
              │       └── devsweep-desktop v0.3.0 (*)
              └── winreg v0.55.0
                  └── embed-resource v3.0.11
                      └── tauri-winres v0.3.6
                          └── tauri-build v2.6.3
                              ├── (build) devsweep-desktop v0.3.0 (*)
                              └── (build) tauri v2.11.5 (*)

warning[duplicate]: found 2 duplicate entries for crate 'windows_x86_64_gnullvm'
    ┌─ D:\Documents\Code\Rust\Exp\devsweep/Cargo.lock:456:1
    │  
456 │ ╭ windows_x86_64_gnullvm 0.42.2 registry+https://github.com/rust-lang/crates.io-index
457 │ │ windows_x86_64_gnullvm 0.52.6 registry+https://github.com/rust-lang/crates.io-index
    │ ╰───────────────────────────────────────────────────────────────────────────────────┘ lock entries
    │  
    ├ windows_x86_64_gnullvm v0.42.2
      └── windows-targets v0.42.2
          └── windows-sys v0.45.0
              └── jni v0.21.1
                  ├── tao v0.35.3
                  │   └── tauri-runtime-wry v2.11.4
                  │       └── tauri v2.11.5
                  │           └── devsweep-desktop v0.3.0
                  ├── tauri v2.11.5 (*)
                  ├── tauri-runtime v2.11.3
                  │   ├── tauri v2.11.5 (*)
                  │   └── tauri-runtime-wry v2.11.4 (*)
                  ├── tauri-runtime-wry v2.11.4 (*)
                  └── wry v0.55.1
                      └── tauri-runtime-wry v2.11.4 (*)
    ├ windows_x86_64_gnullvm v0.52.6
      └── windows-targets v0.52.6
          ├── windows v0.56.0
          │   ├── devsweep-core v0.3.0
          │   │   ├── devsweep-cli v0.3.0
          │   │   └── devsweep-desktop v0.3.0
          │   └── trash v5.2.6
          │       └── devsweep-core v0.3.0 (*)
          ├── windows-core v0.56.0
          │   └── windows v0.56.0 (*)
          ├── windows-result v0.1.2
          │   └── windows-core v0.56.0 (*)
          └── windows-sys v0.59.0
              ├── devsweep-core v0.3.0 (*)
              ├── (dev) devsweep-desktop v0.3.0 (*)
              ├── window-vibrancy v0.6.0
              │   └── tauri v2.11.5
              │       └── devsweep-desktop v0.3.0 (*)
              └── winreg v0.55.0
                  └── embed-resource v3.0.11
                      └── tauri-winres v0.3.6
                          └── tauri-build v2.6.3
                              ├── (build) devsweep-desktop v0.3.0 (*)
                              └── (build) tauri v2.11.5 (*)

warning[duplicate]: found 2 duplicate entries for crate 'windows_x86_64_msvc'
    ┌─ D:\Documents\Code\Rust\Exp\devsweep/Cargo.lock:458:1
    │  
458 │ ╭ windows_x86_64_msvc 0.42.2 registry+https://github.com/rust-lang/crates.io-index
459 │ │ windows_x86_64_msvc 0.52.6 registry+https://github.com/rust-lang/crates.io-index
    │ ╰────────────────────────────────────────────────────────────────────────────────┘ lock entries
    │  
    ├ windows_x86_64_msvc v0.42.2
      └── windows-targets v0.42.2
          └── windows-sys v0.45.0
              └── jni v0.21.1
                  ├── tao v0.35.3
                  │   └── tauri-runtime-wry v2.11.4
                  │       └── tauri v2.11.5
                  │           └── devsweep-desktop v0.3.0
                  ├── tauri v2.11.5 (*)
                  ├── tauri-runtime v2.11.3
                  │   ├── tauri v2.11.5 (*)
                  │   └── tauri-runtime-wry v2.11.4 (*)
                  ├── tauri-runtime-wry v2.11.4 (*)
                  └── wry v0.55.1
                      └── tauri-runtime-wry v2.11.4 (*)
    ├ windows_x86_64_msvc v0.52.6
      └── windows-targets v0.52.6
          ├── windows v0.56.0
          │   ├── devsweep-core v0.3.0
          │   │   ├── devsweep-cli v0.3.0
          │   │   └── devsweep-desktop v0.3.0
          │   └── trash v5.2.6
          │       └── devsweep-core v0.3.0 (*)
          ├── windows-core v0.56.0
          │   └── windows v0.56.0 (*)
          ├── windows-result v0.1.2
          │   └── windows-core v0.56.0 (*)
          └── windows-sys v0.59.0
              ├── devsweep-core v0.3.0 (*)
              ├── (dev) devsweep-desktop v0.3.0 (*)
              ├── window-vibrancy v0.6.0
              │   └── tauri v2.11.5
              │       └── devsweep-desktop v0.3.0 (*)
              └── winreg v0.55.0
                  └── embed-resource v3.0.11
                      └── tauri-winres v0.3.6
                          └── tauri-build v2.6.3
                              ├── (build) devsweep-desktop v0.3.0 (*)
                              └── (build) tauri v2.11.5 (*)

warning[duplicate]: found 3 duplicate entries for crate 'winnow'
    ┌─ D:\Documents\Code\Rust\Exp\devsweep/Cargo.lock:460:1
    │  
460 │ ╭ winnow 0.5.40 registry+https://github.com/rust-lang/crates.io-index
461 │ │ winnow 0.7.15 registry+https://github.com/rust-lang/crates.io-index
462 │ │ winnow 1.0.4 registry+https://github.com/rust-lang/crates.io-index
    │ ╰──────────────────────────────────────────────────────────────────┘ lock entries
    │  
    ├ winnow v0.5.40
      ├── toml_edit v0.19.15
      │   └── proc-macro-crate v1.3.1
      │       └── gtk3-macros v0.18.2
      │           └── gtk v0.18.2
      │               ├── muda v0.19.3
      │               │   └── tauri v2.11.5
      │               │       └── devsweep-desktop v0.3.0
      │               ├── tao v0.35.3
      │               │   └── tauri-runtime-wry v2.11.4
      │               │       └── tauri v2.11.5 (*)
      │               ├── tauri v2.11.5 (*)
      │               ├── tauri-runtime v2.11.3
      │               │   ├── tauri v2.11.5 (*)
      │               │   └── tauri-runtime-wry v2.11.4 (*)
      │               ├── tauri-runtime-wry v2.11.4 (*)
      │               ├── webkit2gtk v2.0.2
      │               │   ├── tauri v2.11.5 (*)
      │               │   ├── tauri-runtime v2.11.3 (*)
      │               │   ├── tauri-runtime-wry v2.11.4 (*)
      │               │   └── wry v0.55.1
      │               │       └── tauri-runtime-wry v2.11.4 (*)
      │               └── wry v0.55.1 (*)
      └── toml_edit v0.20.2
          ├── proc-macro-crate v2.0.2
          │   └── glib-macros v0.18.5
          │       └── glib v0.18.5
          │           ├── atk v0.18.2
          │           │   └── gtk v0.18.2 (*)
          │           ├── cairo-rs v0.18.5
          │           │   ├── gdk v0.18.2
          │           │   │   ├── gdkx11 v0.18.2
          │           │   │   │   └── wry v0.55.1 (*)
          │           │   │   ├── gtk v0.18.2 (*)
          │           │   │   └── webkit2gtk v2.0.2 (*)
          │           │   ├── gtk v0.18.2 (*)
          │           │   └── webkit2gtk v2.0.2 (*)
          │           ├── gdk v0.18.2 (*)
          │           ├── gdk-pixbuf v0.18.5
          │           │   ├── gdk v0.18.2 (*)
          │           │   └── gtk v0.18.2 (*)
          │           ├── gdkx11 v0.18.2 (*)
          │           ├── gio v0.18.4
          │           │   ├── gdk v0.18.2 (*)
          │           │   ├── gdk-pixbuf v0.18.5 (*)
          │           │   ├── gdkx11 v0.18.2 (*)
          │           │   ├── gtk v0.18.2 (*)
          │           │   ├── pango v0.18.3
          │           │   │   ├── gdk v0.18.2 (*)
          │           │   │   └── gtk v0.18.2 (*)
          │           │   ├── soup3 v0.5.0
          │           │   │   ├── webkit2gtk v2.0.2 (*)
          │           │   │   └── wry v0.55.1 (*)
          │           │   └── webkit2gtk v2.0.2 (*)
          │           ├── gtk v0.18.2 (*)
          │           ├── javascriptcore-rs v1.1.2
          │           │   ├── webkit2gtk v2.0.2 (*)
          │           │   └── wry v0.55.1 (*)
          │           ├── pango v0.18.3 (*)
          │           ├── soup3 v0.5.0 (*)
          │           └── webkit2gtk v2.0.2 (*)
          └── toml v0.8.2
              └── system-deps v6.2.2
                  ├── (build) atk-sys v0.18.2
                  │   ├── atk v0.18.2 (*)
                  │   └── gtk-sys v0.18.2
                  │       ├── gtk v0.18.2 (*)
                  │       ├── webkit2gtk v2.0.2 (*)
                  │       └── webkit2gtk-sys v2.0.2
                  │           ├── webkit2gtk v2.0.2 (*)
                  │           └── wry v0.55.1 (*)
                  ├── (build) cairo-sys-rs v0.18.2
                  │   ├── cairo-rs v0.18.5 (*)
                  │   ├── gdk-sys v0.18.2
                  │   │   ├── gdk v0.18.2 (*)
                  │   │   ├── gdkwayland-sys v0.18.2
                  │   │   │   └── tao v0.35.3 (*)
                  │   │   ├── gdkx11-sys v0.18.2
                  │   │   │   ├── gdkx11 v0.18.2 (*)
                  │   │   │   └── tao v0.35.3 (*)
                  │   │   ├── gtk-sys v0.18.2 (*)
                  │   │   ├── webkit2gtk v2.0.2 (*)
                  │   │   └── webkit2gtk-sys v2.0.2 (*)
                  │   ├── gtk-sys v0.18.2 (*)
                  │   └── webkit2gtk-sys v2.0.2 (*)
                  ├── (build) gdk-pixbuf-sys v0.18.0
                  │   ├── gdk-pixbuf v0.18.5 (*)
                  │   ├── gdk-sys v0.18.2 (*)
                  │   └── gtk-sys v0.18.2 (*)
                  ├── (build) gdk-sys v0.18.2 (*)
                  ├── (build) gdkwayland-sys v0.18.2 (*)
                  ├── (build) gdkx11-sys v0.18.2 (*)
                  ├── (build) gio-sys v0.18.1
                  │   ├── gdk-pixbuf-sys v0.18.0 (*)
                  │   ├── gdk-sys v0.18.2 (*)
                  │   ├── gio v0.18.4 (*)
                  │   ├── glib v0.18.5 (*)
                  │   ├── gtk-sys v0.18.2 (*)
                  │   ├── soup3-sys v0.5.0
                  │   │   ├── soup3 v0.5.0 (*)
                  │   │   └── webkit2gtk-sys v2.0.2 (*)
                  │   ├── webkit2gtk v2.0.2 (*)
                  │   └── webkit2gtk-sys v2.0.2 (*)
                  ├── (build) glib-sys v0.18.1
                  │   ├── atk-sys v0.18.2 (*)
                  │   ├── cairo-sys-rs v0.18.2 (*)
                  │   ├── gdk-pixbuf-sys v0.18.0 (*)
                  │   ├── gdk-sys v0.18.2 (*)
                  │   ├── gdkwayland-sys v0.18.2 (*)
                  │   ├── gdkx11-sys v0.18.2 (*)
                  │   ├── gio-sys v0.18.1 (*)
                  │   ├── glib v0.18.5 (*)
                  │   ├── gobject-sys v0.18.0
                  │   │   ├── atk-sys v0.18.2 (*)
                  │   │   ├── gdk-pixbuf-sys v0.18.0 (*)
                  │   │   ├── gdk-sys v0.18.2 (*)
                  │   │   ├── gdkwayland-sys v0.18.2 (*)
                  │   │   ├── gio-sys v0.18.1 (*)
                  │   │   ├── glib v0.18.5 (*)
                  │   │   ├── gtk-sys v0.18.2 (*)
                  │   │   ├── javascriptcore-rs-sys v1.1.1
                  │   │   │   ├── javascriptcore-rs v1.1.2 (*)
                  │   │   │   └── webkit2gtk-sys v2.0.2 (*)
                  │   │   ├── pango-sys v0.18.0
                  │   │   │   ├── gdk-sys v0.18.2 (*)
                  │   │   │   ├── gtk-sys v0.18.2 (*)
                  │   │   │   └── pango v0.18.3 (*)
                  │   │   ├── soup3-sys v0.5.0 (*)
                  │   │   ├── webkit2gtk v2.0.2 (*)
                  │   │   └── webkit2gtk-sys v2.0.2 (*)
                  │   ├── gtk-sys v0.18.2 (*)
                  │   ├── javascriptcore-rs-sys v1.1.1 (*)
                  │   ├── pango-sys v0.18.0 (*)
                  │   ├── soup3-sys v0.5.0 (*)
                  │   ├── webkit2gtk v2.0.2 (*)
                  │   └── webkit2gtk-sys v2.0.2 (*)
                  ├── (build) gobject-sys v0.18.0 (*)
                  ├── (build) gtk-sys v0.18.2 (*)
                  ├── (build) javascriptcore-rs-sys v1.1.1 (*)
                  ├── (build) pango-sys v0.18.0 (*)
                  ├── (build) soup3-sys v0.5.0 (*)
                  └── (build) webkit2gtk-sys v2.0.2 (*)
    ├ winnow v0.7.15
      └── toml v0.9.12+spec-1.1.0
          └── cargo_toml v0.22.3
              └── tauri-build v2.6.3
                  ├── (build) devsweep-desktop v0.3.0
                  └── (build) tauri v2.11.5
                      └── devsweep-desktop v0.3.0 (*)
    ├ winnow v1.0.4
      ├── toml v1.1.4+spec-1.1.0
      │   ├── embed-resource v3.0.11
      │   │   └── tauri-winres v0.3.6
      │   │       └── tauri-build v2.6.3
      │   │           ├── (build) devsweep-desktop v0.3.0
      │   │           └── (build) tauri v2.11.5
      │   │               └── devsweep-desktop v0.3.0 (*)
      │   ├── tauri-utils v2.9.3
      │   │   ├── tauri v2.11.5 (*)
      │   │   ├── tauri-build v2.6.3 (*)
      │   │   ├── tauri-codegen v2.6.3
      │   │   │   └── tauri-macros v2.6.3
      │   │   │       └── tauri v2.11.5 (*)
      │   │   ├── tauri-macros v2.6.3 (*)
      │   │   ├── tauri-runtime v2.11.3
      │   │   │   ├── tauri v2.11.5 (*)
      │   │   │   └── tauri-runtime-wry v2.11.4
      │   │   │       └── tauri v2.11.5 (*)
      │   │   └── tauri-runtime-wry v2.11.4 (*)
      │   └── tauri-winres v0.3.6 (*)
      ├── toml_edit v0.25.13+spec-1.1.0
      │   └── proc-macro-crate v3.5.0
      │       └── num_enum_derive v0.7.6
      │           └── num_enum v0.7.6
      │               └── ndk v0.9.0
      │                   ├── softbuffer v0.4.8
      │                   │   └── tauri-runtime-wry v2.11.4 (*)
      │                   ├── tao v0.35.3
      │                   │   └── tauri-runtime-wry v2.11.4 (*)
      │                   └── wry v0.55.1
      │                       └── tauri-runtime-wry v2.11.4 (*)
      └── toml_parser v1.1.3+spec-1.1.0
          ├── toml v0.9.12+spec-1.1.0
          │   └── cargo_toml v0.22.3
          │       └── tauri-build v2.6.3 (*)
          ├── toml v1.1.4+spec-1.1.0 (*)
          └── toml_edit v0.25.13+spec-1.1.0 (*)

advisories ok, bans ok, licenses ok, sources ok
